mode: atomic
github.com/BarakChamo/boxer/cmd/boxer-eval/main.go:25.13,38.14 12 0
github.com/BarakChamo/boxer/cmd/boxer-eval/main.go:38.14,40.17 2 0
github.com/BarakChamo/boxer/cmd/boxer-eval/main.go:40.17,43.4 2 0
github.com/BarakChamo/boxer/cmd/boxer-eval/main.go:44.3,49.42 6 0
github.com/BarakChamo/boxer/cmd/boxer-eval/main.go:49.42,51.4 1 0
github.com/BarakChamo/boxer/cmd/boxer-eval/main.go:51.9,51.24 1 0
github.com/BarakChamo/boxer/cmd/boxer-eval/main.go:51.24,54.4 2 0
github.com/BarakChamo/boxer/cmd/boxer-eval/main.go:55.3,55.9 1 0
github.com/BarakChamo/boxer/cmd/boxer-eval/main.go:58.2,58.59 1 0
github.com/BarakChamo/boxer/cmd/boxer-eval/main.go:58.59,60.3 1 0
github.com/BarakChamo/boxer/cmd/boxer-eval/main.go:61.2,62.16 2 0
github.com/BarakChamo/boxer/cmd/boxer-eval/main.go:62.16,63.50 1 0
github.com/BarakChamo/boxer/cmd/boxer-eval/main.go:63.50,64.36 1 0
github.com/BarakChamo/boxer/cmd/boxer-eval/main.go:64.36,67.5 2 0
github.com/BarakChamo/boxer/cmd/boxer-eval/main.go:70.2,70.16 1 0
github.com/BarakChamo/boxer/cmd/boxer-eval/main.go:70.16,73.3 2 0
github.com/BarakChamo/boxer/cmd/boxer-eval/main.go:75.2,77.15 3 0
github.com/BarakChamo/boxer/cmd/boxer-eval/main.go:77.15,79.3 1 0
github.com/BarakChamo/boxer/cmd/boxer-eval/main.go:80.2,80.20 1 0
github.com/BarakChamo/boxer/cmd/boxer-eval/main.go:80.20,82.50 2 0
github.com/BarakChamo/boxer/cmd/boxer-eval/main.go:82.50,84.4 1 0
github.com/BarakChamo/boxer/cmd/boxer-eval/main.go:85.3,86.29 2 0
github.com/BarakChamo/boxer/cmd/boxer-eval/main.go:86.29,87.22 1 0
github.com/BarakChamo/boxer/cmd/boxer-eval/main.go:87.22,89.5 1 0
github.com/BarakChamo/boxer/cmd/boxer-eval/main.go:91.3,91.19 1 0
github.com/BarakChamo/boxer/cmd/boxer-eval/main.go:93.2,93.33 1 0
github.com/BarakChamo/boxer/cmd/boxer-eval/main.go:93.33,93.92 1 0
github.com/BarakChamo/boxer/cmd/boxer-eval/main.go:94.2,94.11 1 0
github.com/BarakChamo/boxer/cmd/boxer-eval/main.go:94.11,95.29 1 0
github.com/BarakChamo/boxer/cmd/boxer-eval/main.go:95.29,96.37 1 0
github.com/BarakChamo/boxer/cmd/boxer-eval/main.go:96.37,97.16 1 0
github.com/BarakChamo/boxer/cmd/boxer-eval/main.go:97.16,99.6 1 0
github.com/BarakChamo/boxer/cmd/boxer-eval/main.go:102.3,102.9 1 0
github.com/BarakChamo/boxer/cmd/boxer-eval/main.go:106.2,108.42 3 0
github.com/BarakChamo/boxer/cmd/boxer-eval/main.go:108.42,109.32 1 0
github.com/BarakChamo/boxer/cmd/boxer-eval/main.go:109.32,111.4 1 0
github.com/BarakChamo/boxer/cmd/boxer-eval/main.go:112.3,112.16 1 0
github.com/BarakChamo/boxer/cmd/boxer-eval/main.go:112.16,114.4 1 0
github.com/BarakChamo/boxer/cmd/boxer-eval/main.go:115.3,115.32 1 0
github.com/BarakChamo/boxer/cmd/boxer-eval/main.go:117.2,119.12 3 0
github.com/BarakChamo/boxer/cmd/boxer-eval/main.go:119.12,124.17 5 0
github.com/BarakChamo/boxer/cmd/boxer-eval/main.go:124.17,126.4 1 0
github.com/BarakChamo/boxer/cmd/boxer-eval/main.go:127.3,128.15 2 0
github.com/BarakChamo/boxer/cmd/boxer-eval/main.go:130.2,131.15 2 0
github.com/BarakChamo/boxer/cmd/boxer-eval/main.go:131.15,134.42 1 0
github.com/BarakChamo/boxer/cmd/boxer-eval/main.go:134.42,137.108 3 0
github.com/BarakChamo/boxer/cmd/boxer-eval/main.go:137.108,143.5 5 0
github.com/BarakChamo/boxer/cmd/boxer-eval/main.go:145.3,145.20 1 0
github.com/BarakChamo/boxer/cmd/boxer-eval/main.go:146.8,147.92 1 0
github.com/BarakChamo/boxer/cmd/boxer-eval/main.go:147.92,151.4 3 0
github.com/BarakChamo/boxer/cmd/boxer-eval/main.go:153.2,154.16 2 0
github.com/BarakChamo/boxer/cmd/boxer-eval/main.go:154.16,156.3 1 0
github.com/BarakChamo/boxer/cmd/boxer-eval/main.go:157.2,158.28 2 0
github.com/BarakChamo/boxer/cmd/boxer-eval/main.go:158.28,159.25 1 0
github.com/BarakChamo/boxer/cmd/boxer-eval/main.go:159.25,161.4 1 0
github.com/BarakChamo/boxer/cmd/boxer-eval/main.go:166.46,167.16 1 0
github.com/BarakChamo/boxer/cmd/boxer-eval/main.go:167.16,169.3 1 0
github.com/BarakChamo/boxer/cmd/boxer-eval/main.go:170.2,172.16 3 0
github.com/BarakChamo/boxer/cmd/boxer-eval/main.go:172.16,175.3 2 0
github.com/BarakChamo/boxer/cmd/boxer-eval/main.go:176.2,178.26 3 0
github.com/BarakChamo/boxer/cmd/boxer-eval/main.go:182.43,183.16 1 0
github.com/BarakChamo/boxer/cmd/boxer-eval/main.go:183.16,185.3 1 0
github.com/BarakChamo/boxer/cmd/boxer-eval/main.go:186.2,187.16 2 0
github.com/BarakChamo/boxer/cmd/boxer-eval/main.go:187.16,189.3 1 0
github.com/BarakChamo/boxer/cmd/boxer-eval/main.go:190.2,194.16 5 0
github.com/BarakChamo/boxer/cmd/boxer-eval/main.go:194.16,196.44 2 0
github.com/BarakChamo/boxer/cmd/boxer-eval/main.go:196.44,198.4 1 0
github.com/BarakChamo/boxer/cmd/boxer-eval/main.go:200.2,200.12 1 0
github.com/BarakChamo/boxer/cmd/boxer-eval/main.go:206.19,208.45 2 0
github.com/BarakChamo/boxer/cmd/boxer-eval/main.go:208.45,211.3 2 0
github.com/BarakChamo/boxer/cmd/boxer-eval/main.go:212.2,212.31 1 0
github.com/BarakChamo/boxer/cmd/boxer-eval/main.go:212.31,214.17 2 0
github.com/BarakChamo/boxer/cmd/boxer-eval/main.go:214.17,215.12 1 0
github.com/BarakChamo/boxer/cmd/boxer-eval/main.go:217.3,217.55 1 0
github.com/BarakChamo/boxer/cmd/boxer-eval/main.go:217.55,219.50 2 0
github.com/BarakChamo/boxer/cmd/boxer-eval/main.go:219.50,220.13 1 0
github.com/BarakChamo/boxer/cmd/boxer-eval/main.go:222.4,223.33 2 0
github.com/BarakChamo/boxer/cmd/boxer-eval/main.go:223.33,224.13 1 0
github.com/BarakChamo/boxer/cmd/boxer-eval/main.go:226.4,226.77 1 0
github.com/BarakChamo/boxer/cmd/boxer-eval/main.go:228.3,228.9 1 0
github.com/BarakChamo/boxer/cmd/fakellm/main.go:22.13,31.18 8 0
github.com/BarakChamo/boxer/cmd/fakellm/main.go:31.18,33.3 1 0
github.com/BarakChamo/boxer/cmd/fakellm/main.go:34.2,37.16 3 0
github.com/BarakChamo/boxer/cmd/fakellm/main.go:37.16,40.3 2 0
github.com/BarakChamo/boxer/cmd/fakellm/main.go:41.2,45.20 4 0
github.com/BarakChamo/boxer/cmd/fakellm/main.go:45.20,46.96 1 0
github.com/BarakChamo/boxer/cmd/fakellm/main.go:46.96,49.4 2 0
github.com/BarakChamo/boxer/cmd/fakellm/main.go:51.2,52.74 2 0
github.com/BarakChamo/boxer/cmd/fakellm/main.go:52.74,55.18 3 0
github.com/BarakChamo/boxer/cmd/fakellm/main.go:55.18,56.48 1 0
github.com/BarakChamo/boxer/cmd/fakellm/main.go:56.48,59.5 2 0
github.com/BarakChamo/boxer/cmd/fakellm/main.go:62.2,62.12 1 0
github.com/BarakChamo/boxer/cmd/fakellm/main.go:62.12,67.3 4 0
github.com/BarakChamo/boxer/cmd/fakellm/main.go:68.2,68.28 1 0
github.com/BarakChamo/boxer/internal/config/config.go:78.24,103.2 1 14
github.com/BarakChamo/boxer/internal/config/config.go:106.58,109.30 3 2
github.com/BarakChamo/boxer/internal/config/config.go:109.30,111.3 1 2
github.com/BarakChamo/boxer/internal/config/config.go:112.2,112.20 1 2
github.com/BarakChamo/boxer/internal/config/config.go:112.20,114.3 1 2
github.com/BarakChamo/boxer/internal/config/config.go:115.2,115.52 1 2
github.com/BarakChamo/boxer/internal/config/config.go:115.52,117.3 1 2
github.com/BarakChamo/boxer/internal/config/config.go:118.2,118.26 1 2
github.com/BarakChamo/boxer/internal/config/config.go:118.26,119.38 1 6
github.com/BarakChamo/boxer/internal/config/config.go:119.38,121.4 1 0
github.com/BarakChamo/boxer/internal/config/config.go:123.2,124.28 2 2
github.com/BarakChamo/boxer/internal/config/config.go:128.49,130.26 2 9
github.com/BarakChamo/boxer/internal/config/config.go:130.26,131.38 1 9
github.com/BarakChamo/boxer/internal/config/config.go:131.38,133.4 1 1
github.com/BarakChamo/boxer/internal/config/config.go:135.2,136.28 2 8
github.com/BarakChamo/boxer/internal/config/config.go:139.24,141.15 2 2
github.com/BarakChamo/boxer/internal/config/config.go:141.15,143.17 2 0
github.com/BarakChamo/boxer/internal/config/config.go:143.17,145.4 1 0
github.com/BarakChamo/boxer/internal/config/config.go:146.3,146.39 1 0
github.com/BarakChamo/boxer/internal/config/config.go:148.2,148.50 1 2
github.com/BarakChamo/boxer/internal/config/config.go:151.43,153.24 2 15
github.com/BarakChamo/boxer/internal/config/config.go:153.24,155.3 1 4
github.com/BarakChamo/boxer/internal/config/config.go:156.2,156.16 1 11
github.com/BarakChamo/boxer/internal/config/config.go:156.16,158.3 1 0
github.com/BarakChamo/boxer/internal/config/config.go:159.2,160.16 2 11
github.com/BarakChamo/boxer/internal/config/config.go:160.16,162.3 1 0
github.com/BarakChamo/boxer/internal/config/config.go:163.2,163.41 1 11
github.com/BarakChamo/boxer/internal/config/config.go:163.41,165.25 2 1
github.com/BarakChamo/boxer/internal/config/config.go:165.25,167.4 1 1
github.com/BarakChamo/boxer/internal/config/config.go:168.3,168.79 1 1
github.com/BarakChamo/boxer/internal/config/config.go:170.2,170.30 1 10
github.com/BarakChamo/boxer/internal/config/config.go:170.30,171.17 1 20
github.com/BarakChamo/boxer/internal/config/config.go:171.17,173.4 1 20
github.com/BarakChamo/boxer/internal/config/config.go:175.2,176.12 2 10
github.com/BarakChamo/boxer/internal/config/config.go:183.66,183.97 2 0
github.com/BarakChamo/boxer/internal/config/config.go:184.66,184.99 2 0
github.com/BarakChamo/boxer/internal/config/config.go:185.66,185.103 2 0
github.com/BarakChamo/boxer/internal/config/config.go:186.66,186.92 2 2
github.com/BarakChamo/boxer/internal/config/config.go:187.66,187.99 2 0
github.com/BarakChamo/boxer/internal/config/config.go:188.66,188.99 2 0
github.com/BarakChamo/boxer/internal/config/config.go:189.66,189.108 2 0
github.com/BarakChamo/boxer/internal/config/config.go:190.66,190.93 2 0
github.com/BarakChamo/boxer/internal/config/config.go:191.66,191.96 2 0
github.com/BarakChamo/boxer/internal/config/config.go:192.66,192.95 2 0
github.com/BarakChamo/boxer/internal/config/config.go:193.66,193.94 2 1
github.com/BarakChamo/boxer/internal/config/config.go:194.48,198.3 3 2
github.com/BarakChamo/boxer/internal/config/config.go:199.59,199.93 2 0
github.com/BarakChamo/boxer/internal/config/config.go:200.59,200.96 2 0
github.com/BarakChamo/boxer/internal/config/config.go:201.65,205.3 3 0
github.com/BarakChamo/boxer/internal/config/config.go:208.29,209.33 1 10
github.com/BarakChamo/boxer/internal/config/config.go:209.33,210.38 1 150
github.com/BarakChamo/boxer/internal/config/config.go:210.38,211.36 1 5
github.com/BarakChamo/boxer/internal/config/config.go:211.36,215.5 1 5
github.com/BarakChamo/boxer/internal/config/config.go:221.48,223.9 2 1
github.com/BarakChamo/boxer/internal/config/config.go:223.9,225.3 1 0
github.com/BarakChamo/boxer/internal/config/config.go:226.2,227.18 2 1
github.com/BarakChamo/boxer/internal/config/config.go:227.18,230.3 2 1
github.com/BarakChamo/boxer/internal/config/config.go:231.2,231.25 1 1
github.com/BarakChamo/boxer/internal/config/config.go:231.25,234.3 2 0
github.com/BarakChamo/boxer/internal/config/config.go:235.2,235.23 1 1
github.com/BarakChamo/boxer/internal/config/config.go:235.23,238.3 2 0
github.com/BarakChamo/boxer/internal/config/config.go:239.2,239.12 1 1
github.com/BarakChamo/boxer/internal/config/config.go:244.34,259.28 2 10
github.com/BarakChamo/boxer/internal/config/config.go:259.28,260.43 1 82
github.com/BarakChamo/boxer/internal/config/config.go:260.43,262.4 1 3
github.com/BarakChamo/boxer/internal/config/config.go:264.2,264.31 1 7
github.com/BarakChamo/boxer/internal/config/config.go:264.31,265.85 1 19
github.com/BarakChamo/boxer/internal/config/config.go:265.85,267.4 1 1
github.com/BarakChamo/boxer/internal/config/config.go:269.2,269.32 1 6
github.com/BarakChamo/boxer/internal/config/config.go:269.32,270.77 1 0
github.com/BarakChamo/boxer/internal/config/config.go:270.77,272.4 1 0
github.com/BarakChamo/boxer/internal/config/config.go:274.2,274.33 1 6
github.com/BarakChamo/boxer/internal/config/config.go:274.33,275.83 1 1
github.com/BarakChamo/boxer/internal/config/config.go:275.83,277.4 1 0
github.com/BarakChamo/boxer/internal/config/config.go:279.2,279.47 1 6
github.com/BarakChamo/boxer/internal/config/config.go:279.47,281.3 1 0
github.com/BarakChamo/boxer/internal/config/config.go:282.2,282.12 1 6
github.com/BarakChamo/boxer/internal/config/config.go:286.39,289.9 3 11
github.com/BarakChamo/boxer/internal/config/config.go:290.90,292.34 2 8
github.com/BarakChamo/boxer/internal/config/config.go:293.90,294.34 1 1
github.com/BarakChamo/boxer/internal/config/config.go:296.2,297.26 2 11
github.com/BarakChamo/boxer/internal/config/config.go:297.26,299.3 1 1
github.com/BarakChamo/boxer/internal/config/config.go:300.2,300.22 1 10
github.com/BarakChamo/boxer/internal/config/config.go:304.40,306.2 1 0
github.com/BarakChamo/boxer/internal/bundle/bundle.go:77.27,79.23 2 4
github.com/BarakChamo/boxer/internal/bundle/bundle.go:79.23,81.3 1 32
github.com/BarakChamo/boxer/internal/bundle/bundle.go:82.2,83.12 2 4
github.com/BarakChamo/boxer/internal/bundle/bundle.go:87.39,87.74 1 16
github.com/BarakChamo/boxer/internal/bundle/bundle.go:91.87,93.31 2 24
github.com/BarakChamo/boxer/internal/bundle/bundle.go:93.31,95.3 1 1
github.com/BarakChamo/boxer/internal/bundle/bundle.go:96.2,106.16 4 23
github.com/BarakChamo/boxer/internal/bundle/bundle.go:106.16,108.3 1 0
github.com/BarakChamo/boxer/internal/bundle/bundle.go:109.2,109.33 1 23
github.com/BarakChamo/boxer/internal/bundle/bundle.go:109.33,110.25 1 690
github.com/BarakChamo/boxer/internal/bundle/bundle.go:110.25,112.4 1 90
github.com/BarakChamo/boxer/internal/bundle/bundle.go:113.3,113.89 1 600
github.com/BarakChamo/boxer/internal/bundle/bundle.go:113.89,114.45 1 3122
github.com/BarakChamo/boxer/internal/bundle/bundle.go:114.45,116.5 1 144
github.com/BarakChamo/boxer/internal/bundle/bundle.go:118.3,118.15 1 456
github.com/BarakChamo/boxer/internal/bundle/bundle.go:120.2,122.87 3 23
github.com/BarakChamo/boxer/internal/bundle/bundle.go:122.87,123.31 1 1242
github.com/BarakChamo/boxer/internal/bundle/bundle.go:123.31,125.4 1 552
github.com/BarakChamo/boxer/internal/bundle/bundle.go:126.3,127.18 2 690
github.com/BarakChamo/boxer/internal/bundle/bundle.go:127.18,129.4 1 456
github.com/BarakChamo/boxer/internal/bundle/bundle.go:130.3,131.17 2 234
github.com/BarakChamo/boxer/internal/bundle/bundle.go:131.17,133.4 1 0
github.com/BarakChamo/boxer/internal/bundle/bundle.go:134.3,135.17 2 234
github.com/BarakChamo/boxer/internal/bundle/bundle.go:135.17,137.4 1 0
github.com/BarakChamo/boxer/internal/bundle/bundle.go:138.3,138.58 1 234
github.com/BarakChamo/boxer/internal/bundle/bundle.go:138.58,140.4 1 0
github.com/BarakChamo/boxer/internal/bundle/bundle.go:141.3,142.57 2 234
github.com/BarakChamo/boxer/internal/bundle/bundle.go:142.57,144.4 1 0
github.com/BarakChamo/boxer/internal/bundle/bundle.go:145.3,145.38 1 234
github.com/BarakChamo/boxer/internal/bundle/bundle.go:145.38,147.58 2 114
github.com/BarakChamo/boxer/internal/bundle/bundle.go:147.58,149.5 1 0
github.com/BarakChamo/boxer/internal/bundle/bundle.go:151.3,152.13 2 234
github.com/BarakChamo/boxer/internal/bundle/bundle.go:154.2,154.16 1 23
github.com/BarakChamo/boxer/internal/bundle/bundle.go:154.16,156.3 1 0
github.com/BarakChamo/boxer/internal/bundle/bundle.go:157.2,157.32 1 23
github.com/BarakChamo/boxer/internal/bundle/bundle.go:157.32,159.3 1 4
github.com/BarakChamo/boxer/internal/bundle/bundle.go:160.2,161.34 2 23
github.com/BarakChamo/boxer/internal/bundle/bundle.go:161.34,163.63 2 238
github.com/BarakChamo/boxer/internal/bundle/bundle.go:163.63,165.4 1 0
github.com/BarakChamo/boxer/internal/bundle/bundle.go:166.3,166.56 1 238
github.com/BarakChamo/boxer/internal/bundle/bundle.go:166.56,168.4 1 0
github.com/BarakChamo/boxer/internal/bundle/bundle.go:169.3,169.33 1 238
github.com/BarakChamo/boxer/internal/bundle/bundle.go:171.2,173.65 2 23
github.com/BarakChamo/boxer/internal/bundle/bundle.go:173.65,175.17 2 6
github.com/BarakChamo/boxer/internal/bundle/bundle.go:175.17,177.4 1 0
github.com/BarakChamo/boxer/internal/bundle/bundle.go:178.3,178.38 1 6
github.com/BarakChamo/boxer/internal/bundle/bundle.go:180.2,180.21 1 23
github.com/BarakChamo/boxer/internal/decide/decide.go:41.32,43.35 2 16
github.com/BarakChamo/boxer/internal/decide/decide.go:43.35,45.3 1 2
github.com/BarakChamo/boxer/internal/decide/decide.go:46.2,46.18 1 14
github.com/BarakChamo/boxer/internal/decide/decide.go:46.18,48.3 1 1
github.com/BarakChamo/boxer/internal/decide/decide.go:49.2,49.54 1 13
github.com/BarakChamo/boxer/internal/decide/decide.go:49.54,51.3 1 5
github.com/BarakChamo/boxer/internal/decide/decide.go:52.2,53.17 2 8
github.com/BarakChamo/boxer/internal/decide/decide.go:54.14,59.4 1 1
github.com/BarakChamo/boxer/internal/decide/decide.go:60.10,61.53 1 7
github.com/BarakChamo/boxer/internal/decide/decide.go:68.69,70.41 2 13
github.com/BarakChamo/boxer/internal/decide/decide.go:70.41,72.55 2 15
github.com/BarakChamo/boxer/internal/decide/decide.go:72.55,73.12 1 5
github.com/BarakChamo/boxer/internal/decide/decide.go:75.3,75.46 1 10
github.com/BarakChamo/boxer/internal/decide/decide.go:75.46,77.4 1 8
github.com/BarakChamo/boxer/internal/decide/decide.go:79.2,79.14 1 5
github.com/BarakChamo/boxer/internal/decide/decide.go:84.41,87.2 2 13
github.com/BarakChamo/boxer/internal/decide/decide.go:91.38,92.42 1 29
github.com/BarakChamo/boxer/internal/decide/decide.go:92.42,93.65 1 37
github.com/BarakChamo/boxer/internal/decide/decide.go:93.65,94.12 1 6
github.com/BarakChamo/boxer/internal/decide/decide.go:96.3,96.45 1 31
github.com/BarakChamo/boxer/internal/decide/decide.go:96.45,97.12 1 4
github.com/BarakChamo/boxer/internal/decide/decide.go:99.3,100.47 2 27
github.com/BarakChamo/boxer/internal/decide/decide.go:100.47,102.4 1 2
github.com/BarakChamo/boxer/internal/decide/decide.go:103.3,103.13 1 27
github.com/BarakChamo/boxer/internal/decide/decide.go:105.2,105.11 1 2
github.com/BarakChamo/boxer/internal/decide/decide.go:108.31,110.2 1 14
github.com/BarakChamo/boxer/internal/decide/decide.go:113.34,115.2 1 8
github.com/BarakChamo/boxer/internal/fakellm/fakellm.go:67.56,69.31 2 12
github.com/BarakChamo/boxer/internal/fakellm/fakellm.go:69.31,70.31 1 4
github.com/BarakChamo/boxer/internal/fakellm/fakellm.go:70.31,71.12 1 2
github.com/BarakChamo/boxer/internal/fakellm/fakellm.go:73.3,74.49 2 2
github.com/BarakChamo/boxer/internal/fakellm/fakellm.go:74.49,76.4 1 2
github.com/BarakChamo/boxer/internal/fakellm/fakellm.go:78.2,78.63 1 12
github.com/BarakChamo/boxer/internal/fakellm/fakellm.go:78.63,80.3 1 1
github.com/BarakChamo/boxer/internal/fakellm/fakellm.go:81.2,81.13 1 12
github.com/BarakChamo/boxer/internal/fakellm/fakellm.go:86.31,87.79 1 23
github.com/BarakChamo/boxer/internal/fakellm/fakellm.go:87.79,88.28 1 77
github.com/BarakChamo/boxer/internal/fakellm/fakellm.go:88.28,89.17 1 42
github.com/BarakChamo/boxer/internal/fakellm/fakellm.go:89.17,91.5 1 12
github.com/BarakChamo/boxer/internal/fakellm/fakellm.go:94.2,94.21 1 11
github.com/BarakChamo/boxer/internal/fakellm/fakellm.go:94.21,96.3 1 0
github.com/BarakChamo/boxer/internal/fakellm/fakellm.go:97.2,97.18 1 11
github.com/BarakChamo/boxer/internal/fakellm/fakellm.go:100.51,102.42 2 21
github.com/BarakChamo/boxer/internal/fakellm/fakellm.go:102.42,103.56 1 10
github.com/BarakChamo/boxer/internal/fakellm/fakellm.go:103.56,105.25 2 10
github.com/BarakChamo/boxer/internal/fakellm/fakellm.go:105.25,107.5 1 17
github.com/BarakChamo/boxer/internal/fakellm/fakellm.go:108.4,108.24 1 10
github.com/BarakChamo/boxer/internal/fakellm/fakellm.go:110.3,110.43 1 10
github.com/BarakChamo/boxer/internal/fakellm/fakellm.go:110.43,111.26 1 3
github.com/BarakChamo/boxer/internal/fakellm/fakellm.go:111.26,112.33 1 6
github.com/BarakChamo/boxer/internal/fakellm/fakellm.go:112.33,114.6 1 6
github.com/BarakChamo/boxer/internal/fakellm/fakellm.go:118.2,118.10 1 21
github.com/BarakChamo/boxer/internal/fakellm/fakellm.go:121.32,123.23 2 16
github.com/BarakChamo/boxer/internal/fakellm/fakellm.go:123.23,125.3 1 21
github.com/BarakChamo/boxer/internal/fakellm/fakellm.go:126.2,126.12 1 16
github.com/BarakChamo/boxer/internal/fakellm/fakellm.go:129.40,131.23 2 16
github.com/BarakChamo/boxer/internal/fakellm/fakellm.go:131.23,133.3 1 21
github.com/BarakChamo/boxer/internal/fakellm/fakellm.go:134.2,134.12 1 16
github.com/BarakChamo/boxer/internal/fakellm/fakellm.go:146.30,147.23 1 11
github.com/BarakChamo/boxer/internal/fakellm/fakellm.go:147.23,149.3 1 9
github.com/BarakChamo/boxer/internal/fakellm/fakellm.go:150.2,150.20 1 11
github.com/BarakChamo/boxer/internal/fakellm/fakellm.go:150.20,152.3 1 11
github.com/BarakChamo/boxer/internal/fakellm/fakellm.go:153.2,153.29 1 11
github.com/BarakChamo/boxer/internal/fakellm/fakellm.go:157.39,161.2 3 1
github.com/BarakChamo/boxer/internal/fakellm/fakellm.go:163.36,168.2 4 16
github.com/BarakChamo/boxer/internal/fakellm/fakellm.go:171.41,173.67 2 11
github.com/BarakChamo/boxer/internal/fakellm/fakellm.go:173.67,175.10 2 18
github.com/BarakChamo/boxer/internal/fakellm/fakellm.go:176.55,177.52 1 1
github.com/BarakChamo/boxer/internal/fakellm/fakellm.go:178.42,179.21 1 6
github.com/BarakChamo/boxer/internal/fakellm/fakellm.go:180.50,181.22 1 4
github.com/BarakChamo/boxer/internal/fakellm/fakellm.go:182.43,183.27 1 4
github.com/BarakChamo/boxer/internal/fakellm/fakellm.go:184.54,185.24 1 1
github.com/BarakChamo/boxer/internal/fakellm/fakellm.go:186.48,187.25 1 1
github.com/BarakChamo/boxer/internal/fakellm/fakellm.go:188.40,191.7 1 1
github.com/BarakChamo/boxer/internal/fakellm/fakellm.go:192.11,194.34 1 0
github.com/BarakChamo/boxer/internal/fakellm/fakellm.go:197.2,197.12 1 11
github.com/BarakChamo/boxer/internal/fakellm/fakellm.go:212.38,212.77 1 12
github.com/BarakChamo/boxer/internal/fakellm/fakellm.go:214.80,215.44 1 16
github.com/BarakChamo/boxer/internal/fakellm/fakellm.go:215.44,216.39 1 12
github.com/BarakChamo/boxer/internal/fakellm/fakellm.go:216.39,218.4 1 1
github.com/BarakChamo/boxer/internal/fakellm/fakellm.go:219.3,220.10 2 11
github.com/BarakChamo/boxer/internal/fakellm/fakellm.go:220.10,223.4 1 1
github.com/BarakChamo/boxer/internal/fakellm/fakellm.go:224.3,224.128 1 10
github.com/BarakChamo/boxer/internal/fakellm/fakellm.go:226.2,228.49 3 4
github.com/BarakChamo/boxer/internal/fakellm/fakellm.go:228.49,230.3 1 4
github.com/BarakChamo/boxer/internal/fakellm/fakellm.go:231.2,233.48 3 4
github.com/BarakChamo/boxer/internal/fakellm/fakellm.go:233.48,234.38 1 4
github.com/BarakChamo/boxer/internal/fakellm/fakellm.go:234.38,236.9 2 4
github.com/BarakChamo/boxer/internal/fakellm/fakellm.go:239.2,240.43 2 4
github.com/BarakChamo/boxer/internal/fakellm/fakellm.go:245.56,246.31 1 12
github.com/BarakChamo/boxer/internal/fakellm/fakellm.go:246.31,248.3 1 10
github.com/BarakChamo/boxer/internal/fakellm/fakellm.go:249.2,251.17 3 2
github.com/BarakChamo/boxer/internal/fakellm/fakellm.go:251.17,253.3 1 1
github.com/BarakChamo/boxer/internal/fakellm/fakellm.go:254.2,254.31 1 1
github.com/BarakChamo/boxer/internal/fakellm/fakellm.go:254.31,255.39 1 1
github.com/BarakChamo/boxer/internal/fakellm/fakellm.go:255.39,259.4 3 1
github.com/BarakChamo/boxer/internal/fakellm/fakellm.go:261.2,261.22 1 0
github.com/BarakChamo/boxer/internal/fakellm/fakellm.go:264.52,265.40 1 11
github.com/BarakChamo/boxer/internal/fakellm/fakellm.go:265.40,266.32 1 37
github.com/BarakChamo/boxer/internal/fakellm/fakellm.go:266.32,267.77 1 40
github.com/BarakChamo/boxer/internal/fakellm/fakellm.go:267.77,269.5 1 2
github.com/BarakChamo/boxer/internal/fakellm/fakellm.go:270.4,270.25 1 38
github.com/BarakChamo/boxer/internal/fakellm/fakellm.go:270.25,272.5 1 8
github.com/BarakChamo/boxer/internal/fakellm/fakellm.go:275.2,275.22 1 1
github.com/BarakChamo/boxer/internal/fakellm/fakellm.go:280.68,290.40 2 6
github.com/BarakChamo/boxer/internal/fakellm/fakellm.go:290.40,293.3 2 0
github.com/BarakChamo/boxer/internal/fakellm/fakellm.go:294.2,295.30 2 6
github.com/BarakChamo/boxer/internal/fakellm/fakellm.go:295.30,296.38 1 11
github.com/BarakChamo/boxer/internal/fakellm/fakellm.go:296.38,298.4 1 11
github.com/BarakChamo/boxer/internal/fakellm/fakellm.go:300.2,301.33 2 6
github.com/BarakChamo/boxer/internal/fakellm/fakellm.go:301.33,303.48 2 8
github.com/BarakChamo/boxer/internal/fakellm/fakellm.go:303.48,304.29 1 2
github.com/BarakChamo/boxer/internal/fakellm/fakellm.go:304.29,305.35 1 2
github.com/BarakChamo/boxer/internal/fakellm/fakellm.go:305.35,308.6 2 1
github.com/BarakChamo/boxer/internal/fakellm/fakellm.go:312.2,318.22 6 6
github.com/BarakChamo/boxer/internal/fakellm/fakellm.go:318.22,321.3 2 5
github.com/BarakChamo/boxer/internal/fakellm/fakellm.go:321.8,323.3 1 1
github.com/BarakChamo/boxer/internal/fakellm/fakellm.go:324.2,325.17 2 6
github.com/BarakChamo/boxer/internal/fakellm/fakellm.go:325.17,328.3 2 5
github.com/BarakChamo/boxer/internal/fakellm/fakellm.go:329.2,333.22 3 1
github.com/BarakChamo/boxer/internal/fakellm/fakellm.go:333.22,337.3 3 1
github.com/BarakChamo/boxer/internal/fakellm/fakellm.go:337.8,340.3 2 0
github.com/BarakChamo/boxer/internal/fakellm/fakellm.go:341.2,343.67 3 1
github.com/BarakChamo/boxer/internal/fakellm/fakellm.go:346.30,347.23 1 1
github.com/BarakChamo/boxer/internal/fakellm/fakellm.go:348.14,349.11 1 1
github.com/BarakChamo/boxer/internal/fakellm/fakellm.go:350.13,352.23 2 0
github.com/BarakChamo/boxer/internal/fakellm/fakellm.go:352.23,353.39 1 0
github.com/BarakChamo/boxer/internal/fakellm/fakellm.go:353.39,354.40 1 0
github.com/BarakChamo/boxer/internal/fakellm/fakellm.go:354.40,356.6 1 0
github.com/BarakChamo/boxer/internal/fakellm/fakellm.go:359.3,359.20 1 0
github.com/BarakChamo/boxer/internal/fakellm/fakellm.go:361.2,361.11 1 0
github.com/BarakChamo/boxer/internal/fakellm/fakellm.go:366.69,381.40 2 4
github.com/BarakChamo/boxer/internal/fakellm/fakellm.go:381.40,384.3 2 0
github.com/BarakChamo/boxer/internal/fakellm/fakellm.go:385.2,386.30 2 4
github.com/BarakChamo/boxer/internal/fakellm/fakellm.go:386.30,388.3 1 4
github.com/BarakChamo/boxer/internal/fakellm/fakellm.go:389.2,390.33 2 4
github.com/BarakChamo/boxer/internal/fakellm/fakellm.go:390.33,391.23 1 6
github.com/BarakChamo/boxer/internal/fakellm/fakellm.go:391.23,394.46 3 1
github.com/BarakChamo/boxer/internal/fakellm/fakellm.go:394.46,396.5 1 1
github.com/BarakChamo/boxer/internal/fakellm/fakellm.go:396.10,398.50 2 0
github.com/BarakChamo/boxer/internal/fakellm/fakellm.go:398.50,400.6 1 0
github.com/BarakChamo/boxer/internal/fakellm/fakellm.go:404.2,412.22 8 4
github.com/BarakChamo/boxer/internal/fakellm/fakellm.go:412.22,417.3 4 2
github.com/BarakChamo/boxer/internal/fakellm/fakellm.go:417.8,419.3 1 2
github.com/BarakChamo/boxer/internal/fakellm/fakellm.go:420.2,420.17 1 4
github.com/BarakChamo/boxer/internal/fakellm/fakellm.go:420.17,425.3 2 3
github.com/BarakChamo/boxer/internal/fakellm/fakellm.go:426.2,427.50 2 1
github.com/BarakChamo/boxer/internal/fakellm/fakellm.go:427.50,430.3 1 3
github.com/BarakChamo/boxer/internal/fakellm/fakellm.go:431.2,432.22 2 1
github.com/BarakChamo/boxer/internal/fakellm/fakellm.go:432.22,436.3 3 0
github.com/BarakChamo/boxer/internal/fakellm/fakellm.go:436.8,438.3 1 1
github.com/BarakChamo/boxer/internal/fakellm/fakellm.go:439.2,440.19 2 1
github.com/BarakChamo/boxer/internal/fakellm/fakellm.go:443.42,445.23 2 0
github.com/BarakChamo/boxer/internal/fakellm/fakellm.go:445.23,447.3 1 0
github.com/BarakChamo/boxer/internal/fakellm/fakellm.go:448.2,448.12 1 0
github.com/BarakChamo/boxer/internal/fakellm/fakellm.go:453.74,460.40 2 4
github.com/BarakChamo/boxer/internal/fakellm/fakellm.go:460.40,463.3 2 0
github.com/BarakChamo/boxer/internal/fakellm/fakellm.go:464.2,465.32 2 4
github.com/BarakChamo/boxer/internal/fakellm/fakellm.go:465.32,467.37 2 4
github.com/BarakChamo/boxer/internal/fakellm/fakellm.go:467.37,468.12 1 0
github.com/BarakChamo/boxer/internal/fakellm/fakellm.go:470.3,471.17 2 4
github.com/BarakChamo/boxer/internal/fakellm/fakellm.go:471.17,472.12 1 0
github.com/BarakChamo/boxer/internal/fakellm/fakellm.go:474.3,474.31 1 4
github.com/BarakChamo/boxer/internal/fakellm/fakellm.go:474.31,477.43 1 1
github.com/BarakChamo/boxer/internal/fakellm/fakellm.go:477.43,478.30 1 1
github.com/BarakChamo/boxer/internal/fakellm/fakellm.go:478.30,479.43 1 1
github.com/BarakChamo/boxer/internal/fakellm/fakellm.go:479.43,480.47 1 1
github.com/BarakChamo/boxer/internal/fakellm/fakellm.go:480.47,484.8 3 1
github.com/BarakChamo/boxer/internal/fakellm/fakellm.go:488.4,488.12 1 1
github.com/BarakChamo/boxer/internal/fakellm/fakellm.go:490.3,491.23 2 3
github.com/BarakChamo/boxer/internal/fakellm/fakellm.go:491.23,493.4 1 2
github.com/BarakChamo/boxer/internal/fakellm/fakellm.go:494.3,494.32 1 3
github.com/BarakChamo/boxer/internal/fakellm/fakellm.go:496.2,498.46 3 4
github.com/BarakChamo/boxer/internal/fakellm/fakellm.go:498.46,499.28 1 4
github.com/BarakChamo/boxer/internal/fakellm/fakellm.go:499.28,500.44 1 6
github.com/BarakChamo/boxer/internal/fakellm/fakellm.go:500.44,502.43 2 1
github.com/BarakChamo/boxer/internal/fakellm/fakellm.go:502.43,504.6 1 1
github.com/BarakChamo/boxer/internal/fakellm/fakellm.go:504.11,506.6 1 0
github.com/BarakChamo/boxer/internal/fakellm/fakellm.go:510.2,515.22 5 4
github.com/BarakChamo/boxer/internal/fakellm/fakellm.go:515.22,518.18 3 3
github.com/BarakChamo/boxer/internal/fakellm/fakellm.go:518.18,520.4 1 1
github.com/BarakChamo/boxer/internal/fakellm/fakellm.go:521.8,524.3 1 1
github.com/BarakChamo/boxer/internal/fakellm/fakellm.go:525.2,527.17 2 4
github.com/BarakChamo/boxer/internal/fakellm/fakellm.go:527.17,530.3 2 3
github.com/BarakChamo/boxer/internal/fakellm/fakellm.go:531.2,533.46 3 1
github.com/BarakChamo/boxer/internal/fakellm/fakellm.go:533.46,538.3 4 7
github.com/BarakChamo/boxer/internal/fakellm/fakellm.go:539.2,540.25 2 1
github.com/BarakChamo/boxer/internal/fakellm/fakellm.go:540.25,542.3 1 7
github.com/BarakChamo/boxer/internal/fakellm/fakellm.go:543.2,548.25 6 1
github.com/BarakChamo/boxer/internal/fakellm/fakellm.go:548.25,550.3 1 6
github.com/BarakChamo/boxer/internal/fakellm/fakellm.go:551.2,551.22 1 1
github.com/BarakChamo/boxer/internal/fakellm/fakellm.go:551.22,557.3 5 1
github.com/BarakChamo/boxer/internal/fakellm/fakellm.go:557.8,565.3 7 0
github.com/BarakChamo/boxer/internal/fakellm/fakellm.go:566.2,567.60 2 1
github.com/BarakChamo/boxer/internal/fakellm/fakellm.go:573.45,575.2 1 1
github.com/BarakChamo/boxer/internal/fakellm/fakellm.go:579.43,581.16 2 16
github.com/BarakChamo/boxer/internal/fakellm/fakellm.go:581.16,583.3 1 0
github.com/BarakChamo/boxer/internal/fakellm/fakellm.go:584.2,584.29 1 16
github.com/BarakChamo/boxer/internal/fakellm/fakellm.go:587.46,590.2 2 14
github.com/BarakChamo/boxer/internal/fakellm/fakellm.go:597.41,604.2 6 4
github.com/BarakChamo/boxer/internal/fakellm/fakellm.go:606.41,610.2 3 13
github.com/BarakChamo/boxer/internal/fakellm/fakellm.go:612.27,616.2 3 4
github.com/BarakChamo/boxer/internal/fakellm/fakellm.go:618.32,621.2 2 1
github.com/BarakChamo/boxer/internal/fakellm/fakellm.go:623.23,624.16 1 18
github.com/BarakChamo/boxer/internal/fakellm/fakellm.go:624.16,626.3 1 18
github.com/BarakChamo/boxer/internal/fakellm/gemini.go:13.78,27.40 2 2
github.com/BarakChamo/boxer/internal/fakellm/gemini.go:27.40,30.3 2 0
github.com/BarakChamo/boxer/internal/fakellm/gemini.go:31.2,32.30 2 2
github.com/BarakChamo/boxer/internal/fakellm/gemini.go:32.30,33.45 1 2
github.com/BarakChamo/boxer/internal/fakellm/gemini.go:33.45,35.4 1 2
github.com/BarakChamo/boxer/internal/fakellm/gemini.go:37.2,38.33 2 2
github.com/BarakChamo/boxer/internal/fakellm/gemini.go:38.33,39.29 1 4
github.com/BarakChamo/boxer/internal/fakellm/gemini.go:39.29,40.60 1 4
github.com/BarakChamo/boxer/internal/fakellm/gemini.go:40.60,43.5 2 1
github.com/BarakChamo/boxer/internal/fakellm/gemini.go:46.2,49.85 2 2
github.com/BarakChamo/boxer/internal/fakellm/gemini.go:49.85,52.3 2 0
github.com/BarakChamo/boxer/internal/fakellm/gemini.go:53.2,54.33 2 2
github.com/BarakChamo/boxer/internal/fakellm/gemini.go:54.33,55.25 1 0
github.com/BarakChamo/boxer/internal/fakellm/gemini.go:55.25,57.4 1 0
github.com/BarakChamo/boxer/internal/fakellm/gemini.go:58.3,58.57 1 0
github.com/BarakChamo/boxer/internal/fakellm/gemini.go:60.2,63.22 3 2
github.com/BarakChamo/boxer/internal/fakellm/gemini.go:63.22,65.3 1 1
github.com/BarakChamo/boxer/internal/fakellm/gemini.go:65.8,67.3 1 1
github.com/BarakChamo/boxer/internal/fakellm/gemini.go:68.2,78.13 2 2
github.com/BarakChamo/boxer/internal/fakellm/gemini.go:78.13,81.3 2 1
github.com/BarakChamo/boxer/internal/fakellm/gemini.go:82.2,83.16 2 1
github.com/BarakChamo/boxer/internal/fakellm/gemini.go:87.39,88.23 1 1
github.com/BarakChamo/boxer/internal/fakellm/gemini.go:89.14,90.11 1 0
github.com/BarakChamo/boxer/internal/fakellm/gemini.go:91.22,93.80 2 1
github.com/BarakChamo/boxer/internal/fakellm/gemini.go:93.80,94.34 1 5
github.com/BarakChamo/boxer/internal/fakellm/gemini.go:94.34,97.5 2 1
github.com/BarakChamo/boxer/internal/fakellm/gemini.go:99.3,99.19 1 1
github.com/BarakChamo/boxer/internal/fakellm/gemini.go:99.19,102.4 2 0
github.com/BarakChamo/boxer/internal/fakellm/gemini.go:103.3,103.20 1 1
github.com/BarakChamo/boxer/internal/fakellm/gemini.go:105.2,106.20 2 0
github.com/BarakChamo/boxer/internal/fakellm/gemini.go:110.42,111.15 1 2
github.com/BarakChamo/boxer/internal/fakellm/gemini.go:111.15,113.3 1 2
github.com/BarakChamo/boxer/internal/fakellm/gemini.go:114.2,114.112 1 0
github.com/BarakChamo/boxer/internal/fakellm/gemini.go:114.112,115.37 1 0
github.com/BarakChamo/boxer/internal/fakellm/gemini.go:115.37,117.4 1 0
github.com/BarakChamo/boxer/internal/fakellm/gemini.go:119.2,119.76 1 0
github.com/BarakChamo/boxer/internal/fakellm/gemini.go:119.76,121.3 1 0
github.com/BarakChamo/boxer/internal/fakellm/gemini.go:122.2,122.12 1 0
github.com/BarakChamo/boxer/internal/fakellm/gemini.go:127.33,129.9 2 2
github.com/BarakChamo/boxer/internal/fakellm/gemini.go:129.9,131.3 1 0
github.com/BarakChamo/boxer/internal/fakellm/gemini.go:132.2,132.56 1 2
github.com/BarakChamo/boxer/internal/fakellm/gemini.go:132.56,134.3 1 0
github.com/BarakChamo/boxer/internal/fakellm/gemini.go:135.2,136.54 2 2
github.com/BarakChamo/boxer/internal/fakellm/gemini.go:136.54,138.3 1 0
github.com/BarakChamo/boxer/internal/fakellm/gemini.go:139.2,139.30 1 2
github.com/BarakChamo/boxer/internal/fakellm/gemini.go:140.16,141.14 1 2
github.com/BarakChamo/boxer/internal/fakellm/gemini.go:142.27,143.11 1 0
github.com/BarakChamo/boxer/internal/fakellm/gemini.go:144.17,145.15 1 0
github.com/BarakChamo/boxer/internal/fakellm/gemini.go:146.15,147.17 1 0
github.com/BarakChamo/boxer/internal/fakellm/gemini.go:148.10,150.56 2 0
github.com/BarakChamo/boxer/internal/fakellm/gemini.go:150.56,151.28 1 0
github.com/BarakChamo/boxer/internal/fakellm/gemini.go:151.28,153.5 1 0
github.com/BarakChamo/boxer/internal/fakellm/gemini.go:155.3,155.13 1 0
github.com/BarakChamo/boxer/internal/eval/acp.go:19.32,19.55 1 0
github.com/BarakChamo/boxer/internal/eval/acp.go:21.44,23.86 2 0
github.com/BarakChamo/boxer/internal/eval/acp.go:23.86,25.3 1 0
github.com/BarakChamo/boxer/internal/eval/acp.go:26.2,26.14 1 0
github.com/BarakChamo/boxer/internal/eval/acp.go:29.77,32.42 3 0
github.com/BarakChamo/boxer/internal/eval/acp.go:32.42,34.3 1 0
github.com/BarakChamo/boxer/internal/eval/acp.go:35.2,42.36 8 0
github.com/BarakChamo/boxer/internal/eval/acp.go:42.36,44.3 1 0
github.com/BarakChamo/boxer/internal/eval/acp.go:45.2,49.12 4 0
github.com/BarakChamo/boxer/internal/eval/acp.go:49.12,49.42 1 0
github.com/BarakChamo/boxer/internal/eval/acp.go:50.2,50.9 1 0
github.com/BarakChamo/boxer/internal/eval/acp.go:51.21,55.59 3 0
github.com/BarakChamo/boxer/internal/eval/acp.go:55.59,57.4 1 0
github.com/BarakChamo/boxer/internal/eval/acp.go:58.3,58.17 1 0
github.com/BarakChamo/boxer/internal/eval/acp.go:59.38,60.95 1 0
github.com/BarakChamo/boxer/internal/eval/acp.go:74.39,79.2 4 0
github.com/BarakChamo/boxer/internal/eval/acp.go:83.78,86.111 3 0
github.com/BarakChamo/boxer/internal/eval/acp.go:86.111,88.3 1 0
github.com/BarakChamo/boxer/internal/eval/acp.go:89.2,89.6 1 0
github.com/BarakChamo/boxer/internal/eval/acp.go:89.6,91.17 2 0
github.com/BarakChamo/boxer/internal/eval/acp.go:91.17,93.4 1 0
github.com/BarakChamo/boxer/internal/eval/acp.go:94.3,94.48 1 0
github.com/BarakChamo/boxer/internal/eval/acp.go:94.48,95.12 1 0
github.com/BarakChamo/boxer/internal/eval/acp.go:97.3,107.40 3 0
github.com/BarakChamo/boxer/internal/eval/acp.go:107.40,108.12 1 0
github.com/BarakChamo/boxer/internal/eval/acp.go:110.3,110.10 1 0
github.com/BarakChamo/boxer/internal/eval/acp.go:111.42,112.43 1 0
github.com/BarakChamo/boxer/internal/eval/acp.go:113.25,114.34 1 0
github.com/BarakChamo/boxer/internal/eval/acp.go:115.41,116.24 1 0
github.com/BarakChamo/boxer/internal/eval/acp.go:116.24,118.5 1 0
github.com/BarakChamo/boxer/internal/eval/acp.go:119.4,119.26 1 0
github.com/BarakChamo/boxer/internal/eval/acp.go:124.86,127.28 3 0
github.com/BarakChamo/boxer/internal/eval/acp.go:127.28,127.100 1 0
github.com/BarakChamo/boxer/internal/eval/acp.go:128.2,128.16 1 0
github.com/BarakChamo/boxer/internal/eval/acp.go:129.36,132.26 3 0
github.com/BarakChamo/boxer/internal/eval/acp.go:132.26,133.39 1 0
github.com/BarakChamo/boxer/internal/eval/acp.go:133.39,135.57 2 0
github.com/BarakChamo/boxer/internal/eval/acp.go:135.57,137.42 2 0
github.com/BarakChamo/boxer/internal/eval/acp.go:137.42,138.12 1 0
github.com/BarakChamo/boxer/internal/eval/acp.go:143.3,143.94 1 0
github.com/BarakChamo/boxer/internal/eval/acp.go:144.27,147.17 3 0
github.com/BarakChamo/boxer/internal/eval/acp.go:147.17,150.4 2 0
github.com/BarakChamo/boxer/internal/eval/acp.go:151.3,151.46 1 0
github.com/BarakChamo/boxer/internal/eval/acp.go:152.28,156.26 4 0
github.com/BarakChamo/boxer/internal/eval/acp.go:157.10,158.131 1 0
github.com/BarakChamo/boxer/internal/eval/acp.go:162.65,163.32 1 0
github.com/BarakChamo/boxer/internal/eval/acp.go:163.32,165.3 1 0
github.com/BarakChamo/boxer/internal/eval/acp.go:166.2,173.39 2 0
github.com/BarakChamo/boxer/internal/eval/acp.go:173.39,175.3 1 0
github.com/BarakChamo/boxer/internal/eval/acp.go:176.2,176.23 1 0
github.com/BarakChamo/boxer/internal/eval/acp.go:177.29,178.53 1 0
github.com/BarakChamo/boxer/internal/eval/acp.go:178.53,180.4 1 0
github.com/BarakChamo/boxer/internal/eval/acp.go:181.19,182.44 1 0
github.com/BarakChamo/boxer/internal/eval/acp.go:186.50,187.191 1 0
github.com/BarakChamo/boxer/internal/eval/acp.go:187.191,189.3 1 0
github.com/BarakChamo/boxer/internal/eval/acp.go:190.2,191.16 2 0
github.com/BarakChamo/boxer/internal/eval/acp.go:191.16,193.3 1 0
github.com/BarakChamo/boxer/internal/eval/acp.go:194.2,199.12 4 0
github.com/BarakChamo/boxer/internal/eval/adherence.go:33.45,35.23 2 0
github.com/BarakChamo/boxer/internal/eval/adherence.go:35.23,36.33 1 0
github.com/BarakChamo/boxer/internal/eval/adherence.go:36.33,38.4 1 0
github.com/BarakChamo/boxer/internal/eval/adherence.go:40.2,40.12 1 0
github.com/BarakChamo/boxer/internal/eval/adherence.go:43.46,43.81 1 0
github.com/BarakChamo/boxer/internal/eval/adherence.go:47.52,48.31 1 0
github.com/BarakChamo/boxer/internal/eval/adherence.go:48.31,50.99 2 0
github.com/BarakChamo/boxer/internal/eval/adherence.go:50.99,52.4 1 0
github.com/BarakChamo/boxer/internal/eval/adherence.go:54.2,54.33 1 0
github.com/BarakChamo/boxer/internal/eval/adherence.go:61.38,63.44 2 3
github.com/BarakChamo/boxer/internal/eval/adherence.go:63.44,64.35 1 6
github.com/BarakChamo/boxer/internal/eval/adherence.go:64.35,66.58 2 5
github.com/BarakChamo/boxer/internal/eval/adherence.go:66.58,67.13 1 1
github.com/BarakChamo/boxer/internal/eval/adherence.go:69.4,69.39 1 4
github.com/BarakChamo/boxer/internal/eval/adherence.go:69.39,71.5 1 2
github.com/BarakChamo/boxer/internal/eval/adherence.go:72.4,72.45 1 4
github.com/BarakChamo/boxer/internal/eval/adherence.go:72.45,74.5 1 2
github.com/BarakChamo/boxer/internal/eval/adherence.go:77.2,77.17 1 3
github.com/BarakChamo/boxer/internal/eval/adherence.go:77.17,79.3 1 1
github.com/BarakChamo/boxer/internal/eval/adherence.go:80.2,80.46 1 2
github.com/BarakChamo/boxer/internal/eval/adherence.go:80.46,83.3 2 6
github.com/BarakChamo/boxer/internal/eval/adherence.go:84.2,86.20 3 2
github.com/BarakChamo/boxer/internal/eval/adherence.go:86.20,88.3 1 1
github.com/BarakChamo/boxer/internal/eval/adherence.go:89.2,91.25 3 2
github.com/BarakChamo/boxer/internal/eval/adherence.go:95.35,97.45 2 0
github.com/BarakChamo/boxer/internal/eval/adherence.go:97.45,98.40 1 0
github.com/BarakChamo/boxer/internal/eval/adherence.go:98.40,100.4 1 0
github.com/BarakChamo/boxer/internal/eval/adherence.go:102.2,102.19 1 0
github.com/BarakChamo/boxer/internal/eval/adherence.go:102.19,104.3 1 0
github.com/BarakChamo/boxer/internal/eval/adherence.go:105.2,105.12 1 0
github.com/BarakChamo/boxer/internal/eval/adherence.go:111.34,113.23 2 6
github.com/BarakChamo/boxer/internal/eval/adherence.go:113.23,114.19 1 12
github.com/BarakChamo/boxer/internal/eval/adherence.go:115.15,116.12 1 4
github.com/BarakChamo/boxer/internal/eval/adherence.go:117.15,119.11 2 5
github.com/BarakChamo/boxer/internal/eval/adherence.go:122.2,122.9 1 6
github.com/BarakChamo/boxer/internal/eval/adherence.go:123.19,124.22 1 1
github.com/BarakChamo/boxer/internal/eval/adherence.go:125.18,126.16 1 1
github.com/BarakChamo/boxer/internal/eval/adherence.go:127.38,128.19 1 1
github.com/BarakChamo/boxer/internal/eval/adherence.go:129.23,130.28 1 1
github.com/BarakChamo/boxer/internal/eval/adherence.go:132.2,132.26 1 2
github.com/BarakChamo/boxer/internal/eval/adherence.go:137.47,141.28 4 1
github.com/BarakChamo/boxer/internal/eval/adherence.go:141.28,142.21 1 2
github.com/BarakChamo/boxer/internal/eval/adherence.go:142.21,145.4 2 2
github.com/BarakChamo/boxer/internal/eval/adherence.go:146.3,146.35 1 2
github.com/BarakChamo/boxer/internal/eval/adherence.go:146.35,148.4 1 1
github.com/BarakChamo/boxer/internal/eval/adherence.go:149.3,149.37 1 2
github.com/BarakChamo/boxer/internal/eval/adherence.go:151.2,152.24 2 1
github.com/BarakChamo/boxer/internal/eval/adherence.go:152.24,154.3 1 1
github.com/BarakChamo/boxer/internal/eval/adherence.go:155.2,160.27 6 1
github.com/BarakChamo/boxer/internal/eval/adherence.go:160.27,162.3 1 2
github.com/BarakChamo/boxer/internal/eval/adherence.go:163.2,164.19 2 1
github.com/BarakChamo/boxer/internal/eval/adherence.go:164.19,166.3 1 2
github.com/BarakChamo/boxer/internal/eval/adherence.go:167.2,170.26 4 1
github.com/BarakChamo/boxer/internal/eval/adherence.go:170.26,173.28 3 1
github.com/BarakChamo/boxer/internal/eval/adherence.go:173.28,175.11 2 2
github.com/BarakChamo/boxer/internal/eval/adherence.go:175.11,177.13 2 0
github.com/BarakChamo/boxer/internal/eval/adherence.go:179.4,182.20 4 2
github.com/BarakChamo/boxer/internal/eval/adherence.go:183.16,184.11 1 1
github.com/BarakChamo/boxer/internal/eval/adherence.go:185.16,186.11 1 1
github.com/BarakChamo/boxer/internal/eval/adherence.go:187.12,188.11 1 0
github.com/BarakChamo/boxer/internal/eval/adherence.go:190.4,191.75 2 2
github.com/BarakChamo/boxer/internal/eval/adherence.go:193.3,193.42 1 1
github.com/BarakChamo/boxer/internal/eval/adherence.go:195.2,196.27 2 1
github.com/BarakChamo/boxer/internal/eval/adherence.go:196.27,199.3 2 2
github.com/BarakChamo/boxer/internal/eval/adherence.go:200.2,201.26 2 1
github.com/BarakChamo/boxer/internal/eval/adherence.go:201.26,202.28 1 1
github.com/BarakChamo/boxer/internal/eval/adherence.go:202.28,204.53 2 2
github.com/BarakChamo/boxer/internal/eval/adherence.go:204.53,205.13 1 1
github.com/BarakChamo/boxer/internal/eval/adherence.go:207.4,208.22 2 1
github.com/BarakChamo/boxer/internal/eval/adherence.go:208.22,210.5 1 0
github.com/BarakChamo/boxer/internal/eval/adherence.go:211.4,211.33 1 1
github.com/BarakChamo/boxer/internal/eval/adherence.go:211.33,213.5 1 1
github.com/BarakChamo/boxer/internal/eval/adherence.go:214.4,214.76 1 1
github.com/BarakChamo/boxer/internal/eval/adherence.go:217.2,217.19 1 1
github.com/BarakChamo/boxer/internal/eval/claude.go:19.29,19.53 1 0
github.com/BarakChamo/boxer/internal/eval/claude.go:21.53,22.51 1 0
github.com/BarakChamo/boxer/internal/eval/claude.go:22.51,24.3 1 0
github.com/BarakChamo/boxer/internal/eval/claude.go:25.2,25.18 1 0
github.com/BarakChamo/boxer/internal/eval/claude.go:25.18,26.40 1 0
github.com/BarakChamo/boxer/internal/eval/claude.go:26.40,28.4 1 0
github.com/BarakChamo/boxer/internal/eval/claude.go:30.2,30.17 1 0
github.com/BarakChamo/boxer/internal/eval/claude.go:33.41,35.59 2 0
github.com/BarakChamo/boxer/internal/eval/claude.go:35.59,37.3 1 0
github.com/BarakChamo/boxer/internal/eval/claude.go:38.2,48.18 2 0
github.com/BarakChamo/boxer/internal/eval/claude.go:48.18,52.69 2 0
github.com/BarakChamo/boxer/internal/eval/claude.go:52.69,56.4 3 0
github.com/BarakChamo/boxer/internal/eval/claude.go:58.2,58.14 1 0
github.com/BarakChamo/boxer/internal/eval/claude.go:63.37,63.86 1 0
github.com/BarakChamo/boxer/internal/eval/claude.go:65.49,69.49 2 0
github.com/BarakChamo/boxer/internal/eval/claude.go:69.49,71.3 1 0
github.com/BarakChamo/boxer/internal/eval/claude.go:72.2,78.84 4 0
github.com/BarakChamo/boxer/internal/eval/claude.go:78.84,80.3 1 0
github.com/BarakChamo/boxer/internal/eval/claude.go:81.2,81.26 1 0
github.com/BarakChamo/boxer/internal/eval/claude.go:81.26,82.43 1 0
github.com/BarakChamo/boxer/internal/eval/claude.go:82.43,84.4 1 0
github.com/BarakChamo/boxer/internal/eval/claude.go:86.2,86.17 1 0
github.com/BarakChamo/boxer/internal/eval/claude.go:87.25,88.76 1 0
github.com/BarakChamo/boxer/internal/eval/claude.go:88.76,90.4 1 0
github.com/BarakChamo/boxer/internal/eval/claude.go:92.3,93.82 2 0
github.com/BarakChamo/boxer/internal/eval/claude.go:94.14,98.51 4 0
github.com/BarakChamo/boxer/internal/eval/claude.go:98.51,100.4 1 0
github.com/BarakChamo/boxer/internal/eval/claude.go:102.2,102.12 1 0
github.com/BarakChamo/boxer/internal/eval/claude.go:105.74,107.46 2 0
github.com/BarakChamo/boxer/internal/eval/claude.go:107.46,109.3 1 0
github.com/BarakChamo/boxer/internal/eval/claude.go:110.2,112.26 3 0
github.com/BarakChamo/boxer/internal/eval/claude.go:112.26,114.3 1 0
github.com/BarakChamo/boxer/internal/eval/claude.go:115.2,119.36 5 0
github.com/BarakChamo/boxer/internal/eval/claude.go:119.36,121.3 1 0
github.com/BarakChamo/boxer/internal/eval/claude.go:122.2,122.12 1 0
github.com/BarakChamo/boxer/internal/eval/claude.go:122.12,122.34 1 0
github.com/BarakChamo/boxer/internal/eval/claude.go:123.2,123.9 1 0
github.com/BarakChamo/boxer/internal/eval/claude.go:124.14,124.14 0 0
github.com/BarakChamo/boxer/internal/eval/claude.go:125.37,127.71 2 0
github.com/BarakChamo/boxer/internal/eval/claude.go:129.2,130.41 2 0
github.com/BarakChamo/boxer/internal/eval/claude.go:130.41,131.45 1 0
github.com/BarakChamo/boxer/internal/eval/claude.go:131.45,133.4 1 0
github.com/BarakChamo/boxer/internal/eval/claude.go:135.2,135.16 1 0
github.com/BarakChamo/boxer/internal/eval/claude.go:138.41,138.59 1 0
github.com/BarakChamo/boxer/internal/eval/claude.go:141.45,145.16 4 0
github.com/BarakChamo/boxer/internal/eval/claude.go:145.16,147.44 2 0
github.com/BarakChamo/boxer/internal/eval/claude.go:147.44,148.12 1 0
github.com/BarakChamo/boxer/internal/eval/claude.go:150.3,150.20 1 0
github.com/BarakChamo/boxer/internal/eval/claude.go:151.20,154.30 3 0
github.com/BarakChamo/boxer/internal/eval/claude.go:154.30,155.67 1 0
github.com/BarakChamo/boxer/internal/eval/claude.go:155.67,157.6 1 0
github.com/BarakChamo/boxer/internal/eval/claude.go:159.17,160.41 1 0
github.com/BarakChamo/boxer/internal/eval/claude.go:160.41,161.43 1 0
github.com/BarakChamo/boxer/internal/eval/claude.go:161.43,163.6 1 0
github.com/BarakChamo/boxer/internal/eval/claude.go:167.2,167.11 1 0
github.com/BarakChamo/boxer/internal/eval/claude.go:173.41,174.22 1 0
github.com/BarakChamo/boxer/internal/eval/claude.go:174.22,177.3 2 0
github.com/BarakChamo/boxer/internal/eval/claude.go:178.2,178.16 1 0
github.com/BarakChamo/boxer/internal/eval/claude.go:183.45,185.22 2 0
github.com/BarakChamo/boxer/internal/eval/claude.go:185.22,187.60 2 0
github.com/BarakChamo/boxer/internal/eval/claude.go:187.60,190.4 1 0
github.com/BarakChamo/boxer/internal/eval/claude.go:191.3,191.11 1 0
github.com/BarakChamo/boxer/internal/eval/claude.go:193.2,193.52 1 0
github.com/BarakChamo/boxer/internal/eval/codex.go:22.28,22.46 1 0
github.com/BarakChamo/boxer/internal/eval/codex.go:24.52,25.50 1 0
github.com/BarakChamo/boxer/internal/eval/codex.go:25.50,27.3 1 0
github.com/BarakChamo/boxer/internal/eval/codex.go:28.2,28.18 1 0
github.com/BarakChamo/boxer/internal/eval/codex.go:28.18,29.40 1 0
github.com/BarakChamo/boxer/internal/eval/codex.go:29.40,31.4 1 0
github.com/BarakChamo/boxer/internal/eval/codex.go:33.2,33.17 1 0
github.com/BarakChamo/boxer/internal/eval/codex.go:36.40,42.18 3 0
github.com/BarakChamo/boxer/internal/eval/codex.go:42.18,49.3 1 0
github.com/BarakChamo/boxer/internal/eval/codex.go:50.2,50.14 1 0
github.com/BarakChamo/boxer/internal/eval/codex.go:53.36,53.84 1 0
github.com/BarakChamo/boxer/internal/eval/codex.go:55.48,57.49 2 0
github.com/BarakChamo/boxer/internal/eval/codex.go:57.49,59.3 1 0
github.com/BarakChamo/boxer/internal/eval/codex.go:60.2,61.93 2 0
github.com/BarakChamo/boxer/internal/eval/codex.go:61.93,63.3 1 0
github.com/BarakChamo/boxer/internal/eval/codex.go:64.2,64.44 1 0
github.com/BarakChamo/boxer/internal/eval/codex.go:64.44,68.51 4 0
github.com/BarakChamo/boxer/internal/eval/codex.go:68.51,70.4 1 0
github.com/BarakChamo/boxer/internal/eval/codex.go:72.2,72.47 1 0
github.com/BarakChamo/boxer/internal/eval/codex.go:72.47,73.70 1 0
github.com/BarakChamo/boxer/internal/eval/codex.go:73.70,75.4 1 0
github.com/BarakChamo/boxer/internal/eval/codex.go:77.2,77.12 1 0
github.com/BarakChamo/boxer/internal/eval/codex.go:80.73,89.36 9 0
github.com/BarakChamo/boxer/internal/eval/codex.go:89.36,91.3 1 0
github.com/BarakChamo/boxer/internal/eval/codex.go:92.2,93.12 2 0
github.com/BarakChamo/boxer/internal/eval/codex.go:93.12,93.34 1 0
github.com/BarakChamo/boxer/internal/eval/codex.go:94.2,94.9 1 0
github.com/BarakChamo/boxer/internal/eval/codex.go:95.14,95.14 0 0
github.com/BarakChamo/boxer/internal/eval/codex.go:96.37,98.70 2 0
github.com/BarakChamo/boxer/internal/eval/codex.go:100.2,101.45 2 0
github.com/BarakChamo/boxer/internal/eval/codex.go:101.45,102.49 1 0
github.com/BarakChamo/boxer/internal/eval/codex.go:102.49,104.4 1 0
github.com/BarakChamo/boxer/internal/eval/codex.go:106.2,106.24 1 0
github.com/BarakChamo/boxer/internal/eval/codex.go:106.24,108.3 1 0
github.com/BarakChamo/boxer/internal/eval/codex.go:109.2,109.41 1 0
github.com/BarakChamo/boxer/internal/eval/codex.go:109.41,110.45 1 0
github.com/BarakChamo/boxer/internal/eval/codex.go:110.45,112.4 1 0
github.com/BarakChamo/boxer/internal/eval/codex.go:114.2,114.16 1 0
github.com/BarakChamo/boxer/internal/eval/codex.go:117.41,117.42 0 0
github.com/BarakChamo/boxer/internal/eval/codex.go:121.42,125.16 4 0
github.com/BarakChamo/boxer/internal/eval/codex.go:125.16,127.44 2 0
github.com/BarakChamo/boxer/internal/eval/codex.go:127.44,128.12 1 0
github.com/BarakChamo/boxer/internal/eval/codex.go:130.3,131.18 2 0
github.com/BarakChamo/boxer/internal/eval/codex.go:131.18,132.12 1 0
github.com/BarakChamo/boxer/internal/eval/codex.go:134.3,134.23 1 0
github.com/BarakChamo/boxer/internal/eval/codex.go:135.28,136.68 1 0
github.com/BarakChamo/boxer/internal/eval/codex.go:136.68,138.5 1 0
github.com/BarakChamo/boxer/internal/eval/codex.go:139.24,140.103 1 0
github.com/BarakChamo/boxer/internal/eval/codex.go:141.24,142.42 1 0
github.com/BarakChamo/boxer/internal/eval/codex.go:142.42,143.43 1 0
github.com/BarakChamo/boxer/internal/eval/codex.go:143.43,145.6 1 0
github.com/BarakChamo/boxer/internal/eval/codex.go:149.2,149.29 1 0
github.com/BarakChamo/boxer/internal/eval/codex.go:149.29,150.44 1 0
github.com/BarakChamo/boxer/internal/eval/codex.go:150.44,152.4 1 0
github.com/BarakChamo/boxer/internal/eval/codex.go:154.2,154.11 1 0
github.com/BarakChamo/boxer/internal/eval/codex.go:157.51,158.25 1 0
github.com/BarakChamo/boxer/internal/eval/codex.go:158.25,159.13 1 0
github.com/BarakChamo/boxer/internal/eval/codex.go:159.13,161.4 1 0
github.com/BarakChamo/boxer/internal/eval/codex.go:163.2,163.24 1 0
github.com/BarakChamo/boxer/internal/eval/codex.go:168.35,169.22 1 0
github.com/BarakChamo/boxer/internal/eval/codex.go:169.22,171.3 1 0
github.com/BarakChamo/boxer/internal/eval/codex.go:172.2,172.206 1 0
github.com/BarakChamo/boxer/internal/eval/drivers.go:4.25,21.2 1 0
github.com/BarakChamo/boxer/internal/eval/dsh.go:21.26,21.42 1 0
github.com/BarakChamo/boxer/internal/eval/dsh.go:23.50,24.48 1 0
github.com/BarakChamo/boxer/internal/eval/dsh.go:24.48,26.3 1 0
github.com/BarakChamo/boxer/internal/eval/dsh.go:27.2,27.18 1 0
github.com/BarakChamo/boxer/internal/eval/dsh.go:27.18,28.40 1 0
github.com/BarakChamo/boxer/internal/eval/dsh.go:28.40,30.4 1 0
github.com/BarakChamo/boxer/internal/eval/dsh.go:32.2,32.17 1 0
github.com/BarakChamo/boxer/internal/eval/dsh.go:35.38,44.2 3 0
github.com/BarakChamo/boxer/internal/eval/dsh.go:46.35,46.81 1 0
github.com/BarakChamo/boxer/internal/eval/dsh.go:47.35,47.90 1 0
github.com/BarakChamo/boxer/internal/eval/dsh.go:49.46,50.56 1 0
github.com/BarakChamo/boxer/internal/eval/dsh.go:50.56,52.3 1 0
github.com/BarakChamo/boxer/internal/eval/dsh.go:53.2,53.67 1 0
github.com/BarakChamo/boxer/internal/eval/dsh.go:53.67,55.3 1 0
github.com/BarakChamo/boxer/internal/eval/dsh.go:56.2,57.22 2 0
github.com/BarakChamo/boxer/internal/eval/dsh.go:57.22,59.3 1 0
github.com/BarakChamo/boxer/internal/eval/dsh.go:60.2,60.92 1 0
github.com/BarakChamo/boxer/internal/eval/dsh.go:60.92,62.3 1 0
github.com/BarakChamo/boxer/internal/eval/dsh.go:63.2,63.13 1 0
github.com/BarakChamo/boxer/internal/eval/dsh.go:63.13,64.103 1 0
github.com/BarakChamo/boxer/internal/eval/dsh.go:64.103,66.4 1 0
github.com/BarakChamo/boxer/internal/eval/dsh.go:68.2,68.12 1 0
github.com/BarakChamo/boxer/internal/eval/dsh.go:71.71,83.13 4 0
github.com/BarakChamo/boxer/internal/eval/dsh.go:83.13,85.3 1 0
github.com/BarakChamo/boxer/internal/eval/dsh.go:86.2,89.36 4 0
github.com/BarakChamo/boxer/internal/eval/dsh.go:89.36,91.3 1 0
github.com/BarakChamo/boxer/internal/eval/dsh.go:92.2,93.12 2 0
github.com/BarakChamo/boxer/internal/eval/dsh.go:93.12,93.34 1 0
github.com/BarakChamo/boxer/internal/eval/dsh.go:94.2,94.9 1 0
github.com/BarakChamo/boxer/internal/eval/dsh.go:95.14,95.14 0 0
github.com/BarakChamo/boxer/internal/eval/dsh.go:96.37,98.86 2 0
github.com/BarakChamo/boxer/internal/eval/dsh.go:100.2,102.60 2 0
github.com/BarakChamo/boxer/internal/eval/dsh.go:102.60,103.44 1 0
github.com/BarakChamo/boxer/internal/eval/dsh.go:103.44,105.4 1 0
github.com/BarakChamo/boxer/internal/eval/dsh.go:107.2,107.16 1 0
github.com/BarakChamo/boxer/internal/eval/dsh.go:110.39,110.40 0 0
github.com/BarakChamo/boxer/internal/eval/dsh.go:114.48,116.44 2 0
github.com/BarakChamo/boxer/internal/eval/dsh.go:116.44,118.3 1 0
github.com/BarakChamo/boxer/internal/eval/dsh.go:119.2,133.31 1 0
github.com/BarakChamo/boxer/internal/eval/eval.go:54.36,55.26 1 1
github.com/BarakChamo/boxer/internal/eval/eval.go:55.26,57.3 1 0
github.com/BarakChamo/boxer/internal/eval/eval.go:58.2,58.66 1 1
github.com/BarakChamo/boxer/internal/eval/eval.go:62.29,64.18 2 6
github.com/BarakChamo/boxer/internal/eval/eval.go:64.18,66.3 1 0
github.com/BarakChamo/boxer/internal/eval/eval.go:67.2,67.20 1 6
github.com/BarakChamo/boxer/internal/eval/eval.go:67.20,69.3 1 0
github.com/BarakChamo/boxer/internal/eval/eval.go:70.2,70.22 1 6
github.com/BarakChamo/boxer/internal/eval/eval.go:70.22,72.3 1 6
github.com/BarakChamo/boxer/internal/eval/eval.go:73.2,73.10 1 6
github.com/BarakChamo/boxer/internal/eval/eval.go:123.32,125.2 1 3
github.com/BarakChamo/boxer/internal/eval/eval.go:127.31,128.20 1 3
github.com/BarakChamo/boxer/internal/eval/eval.go:129.27,131.133 1 1
github.com/BarakChamo/boxer/internal/eval/eval.go:132.19,134.112 1 1
github.com/BarakChamo/boxer/internal/eval/eval.go:136.2,136.131 1 1
github.com/BarakChamo/boxer/internal/eval/eval.go:140.35,140.68 1 2
github.com/BarakChamo/boxer/internal/eval/eval.go:143.73,145.16 2 0
github.com/BarakChamo/boxer/internal/eval/eval.go:145.16,147.3 1 0
github.com/BarakChamo/boxer/internal/eval/eval.go:149.2,149.55 1 0
github.com/BarakChamo/boxer/internal/eval/eval.go:149.55,151.3 1 0
github.com/BarakChamo/boxer/internal/eval/eval.go:152.2,154.36 2 0
github.com/BarakChamo/boxer/internal/eval/eval.go:154.36,156.3 1 0
github.com/BarakChamo/boxer/internal/eval/eval.go:157.2,157.80 1 0
github.com/BarakChamo/boxer/internal/eval/eval.go:157.80,159.3 1 0
github.com/BarakChamo/boxer/internal/eval/eval.go:160.2,160.18 1 0
github.com/BarakChamo/boxer/internal/eval/eval.go:160.18,162.38 2 0
github.com/BarakChamo/boxer/internal/eval/eval.go:162.38,164.4 1 0
github.com/BarakChamo/boxer/internal/eval/eval.go:164.9,164.46 1 0
github.com/BarakChamo/boxer/internal/eval/eval.go:164.46,166.46 1 0
github.com/BarakChamo/boxer/internal/eval/eval.go:166.46,167.41 1 0
github.com/BarakChamo/boxer/internal/eval/eval.go:167.41,169.6 1 0
github.com/BarakChamo/boxer/internal/eval/eval.go:171.4,171.46 1 0
github.com/BarakChamo/boxer/internal/eval/eval.go:173.3,174.32 2 0
github.com/BarakChamo/boxer/internal/eval/eval.go:174.32,176.4 1 0
github.com/BarakChamo/boxer/internal/eval/eval.go:177.3,179.17 3 0
github.com/BarakChamo/boxer/internal/eval/eval.go:179.17,181.4 1 0
github.com/BarakChamo/boxer/internal/eval/eval.go:182.3,187.22 6 0
github.com/BarakChamo/boxer/internal/eval/eval.go:187.22,187.37 1 0
github.com/BarakChamo/boxer/internal/eval/eval.go:189.2,189.15 1 0
github.com/BarakChamo/boxer/internal/eval/eval.go:192.44,194.26 2 0
github.com/BarakChamo/boxer/internal/eval/eval.go:194.26,195.36 1 0
github.com/BarakChamo/boxer/internal/eval/eval.go:195.36,197.4 1 0
github.com/BarakChamo/boxer/internal/eval/eval.go:199.2,199.12 1 0
github.com/BarakChamo/boxer/internal/eval/eval.go:203.35,204.18 1 0
github.com/BarakChamo/boxer/internal/eval/eval.go:204.18,206.3 1 0
github.com/BarakChamo/boxer/internal/eval/eval.go:207.2,208.37 2 0
github.com/BarakChamo/boxer/internal/eval/eval.go:208.37,209.20 1 0
github.com/BarakChamo/boxer/internal/eval/eval.go:209.20,211.4 1 0
github.com/BarakChamo/boxer/internal/eval/eval.go:213.2,213.12 1 0
github.com/BarakChamo/boxer/internal/eval/eval.go:218.32,219.22 1 0
github.com/BarakChamo/boxer/internal/eval/eval.go:219.22,221.3 1 0
github.com/BarakChamo/boxer/internal/eval/eval.go:222.2,222.11 1 0
github.com/BarakChamo/boxer/internal/eval/eval.go:222.11,225.3 2 0
github.com/BarakChamo/boxer/internal/eval/eval.go:226.2,226.18 1 0
github.com/BarakChamo/boxer/internal/eval/eval.go:226.18,228.38 2 0
github.com/BarakChamo/boxer/internal/eval/eval.go:228.38,232.4 3 0
github.com/BarakChamo/boxer/internal/eval/eval.go:233.3,233.78 1 0
github.com/BarakChamo/boxer/internal/eval/eval.go:237.36,238.51 1 0
github.com/BarakChamo/boxer/internal/eval/eval.go:238.51,240.3 1 0
github.com/BarakChamo/boxer/internal/eval/eval.go:241.2,241.160 1 0
github.com/BarakChamo/boxer/internal/eval/eval.go:241.160,244.51 3 0
github.com/BarakChamo/boxer/internal/eval/eval.go:244.51,246.4 1 0
github.com/BarakChamo/boxer/internal/eval/eval.go:248.2,250.30 3 0
github.com/BarakChamo/boxer/internal/eval/eval.go:250.30,252.3 1 0
github.com/BarakChamo/boxer/internal/eval/eval.go:255.2,256.19 2 0
github.com/BarakChamo/boxer/internal/eval/eval.go:256.19,258.3 1 0
github.com/BarakChamo/boxer/internal/eval/eval.go:259.2,267.24 2 0
github.com/BarakChamo/boxer/internal/eval/eval.go:267.24,269.3 1 0
github.com/BarakChamo/boxer/internal/eval/eval.go:270.2,270.20 1 0
github.com/BarakChamo/boxer/internal/eval/eval.go:270.20,274.21 2 0
github.com/BarakChamo/boxer/internal/eval/eval.go:274.21,276.4 1 0
github.com/BarakChamo/boxer/internal/eval/eval.go:277.3,284.25 1 0
github.com/BarakChamo/boxer/internal/eval/eval.go:286.2,286.79 1 0
github.com/BarakChamo/boxer/internal/eval/eval.go:290.65,297.2 5 0
github.com/BarakChamo/boxer/internal/eval/eval.go:301.34,303.34 2 0
github.com/BarakChamo/boxer/internal/eval/eval.go:303.34,305.12 2 0
github.com/BarakChamo/boxer/internal/eval/eval.go:306.98,307.12 1 0
github.com/BarakChamo/boxer/internal/eval/eval.go:309.3,309.24 1 0
github.com/BarakChamo/boxer/internal/eval/eval.go:311.2,319.12 2 0
github.com/BarakChamo/boxer/internal/eval/eval.go:348.27,350.31 2 7
github.com/BarakChamo/boxer/internal/eval/eval.go:350.31,352.3 1 6
github.com/BarakChamo/boxer/internal/eval/eval.go:353.2,353.18 1 7
github.com/BarakChamo/boxer/internal/eval/eval.go:353.18,355.3 1 1
github.com/BarakChamo/boxer/internal/eval/eval.go:356.2,357.114 2 6
github.com/BarakChamo/boxer/internal/eval/eval.go:357.114,359.3 1 1
github.com/BarakChamo/boxer/internal/eval/eval.go:360.2,360.34 1 5
github.com/BarakChamo/boxer/internal/eval/eval.go:360.34,361.32 1 24
github.com/BarakChamo/boxer/internal/eval/eval.go:361.32,363.4 1 4
github.com/BarakChamo/boxer/internal/eval/eval.go:365.2,365.14 1 1
github.com/BarakChamo/boxer/internal/eval/eval.go:371.131,373.16 2 0
github.com/BarakChamo/boxer/internal/eval/eval.go:373.16,375.3 1 0
github.com/BarakChamo/boxer/internal/eval/eval.go:375.8,377.3 1 0
github.com/BarakChamo/boxer/internal/eval/eval.go:378.2,381.28 4 0
github.com/BarakChamo/boxer/internal/eval/eval.go:381.28,384.27 3 0
github.com/BarakChamo/boxer/internal/eval/eval.go:384.27,385.31 1 0
github.com/BarakChamo/boxer/internal/eval/eval.go:385.31,386.13 1 0
github.com/BarakChamo/boxer/internal/eval/eval.go:388.4,388.11 1 0
github.com/BarakChamo/boxer/internal/eval/eval.go:388.11,390.13 2 0
github.com/BarakChamo/boxer/internal/eval/eval.go:392.4,392.36 1 0
github.com/BarakChamo/boxer/internal/eval/eval.go:392.36,395.13 2 0
github.com/BarakChamo/boxer/internal/eval/eval.go:397.4,397.39 1 0
github.com/BarakChamo/boxer/internal/eval/eval.go:397.39,399.13 2 0
github.com/BarakChamo/boxer/internal/eval/eval.go:401.4,403.38 3 0
github.com/BarakChamo/boxer/internal/eval/eval.go:403.38,407.5 3 0
github.com/BarakChamo/boxer/internal/eval/eval.go:408.4,408.19 1 0
github.com/BarakChamo/boxer/internal/eval/eval.go:408.19,409.43 1 0
github.com/BarakChamo/boxer/internal/eval/eval.go:409.43,413.6 3 0
github.com/BarakChamo/boxer/internal/eval/eval.go:415.4,416.23 2 0
github.com/BarakChamo/boxer/internal/eval/eval.go:416.23,418.5 1 0
github.com/BarakChamo/boxer/internal/eval/eval.go:421.4,421.65 1 0
github.com/BarakChamo/boxer/internal/eval/eval.go:421.65,424.5 2 0
github.com/BarakChamo/boxer/internal/eval/eval.go:427.2,427.16 1 0
github.com/BarakChamo/boxer/internal/eval/eval.go:432.92,436.16 4 0
github.com/BarakChamo/boxer/internal/eval/eval.go:436.16,438.3 1 0
github.com/BarakChamo/boxer/internal/eval/eval.go:439.2,439.15 1 0
github.com/BarakChamo/boxer/internal/eval/eval.go:439.15,442.11 3 0
github.com/BarakChamo/boxer/internal/eval/eval.go:442.11,445.4 2 0
github.com/BarakChamo/boxer/internal/eval/eval.go:446.3,448.32 3 0
github.com/BarakChamo/boxer/internal/eval/eval.go:448.32,450.4 1 0
github.com/BarakChamo/boxer/internal/eval/eval.go:452.2,455.53 4 0
github.com/BarakChamo/boxer/internal/eval/eval.go:455.53,457.3 1 0
github.com/BarakChamo/boxer/internal/eval/eval.go:457.8,457.23 1 0
github.com/BarakChamo/boxer/internal/eval/eval.go:457.23,459.3 1 0
github.com/BarakChamo/boxer/internal/eval/eval.go:460.2,461.27 2 0
github.com/BarakChamo/boxer/internal/eval/eval.go:461.27,463.3 1 0
github.com/BarakChamo/boxer/internal/eval/eval.go:463.8,463.23 1 0
github.com/BarakChamo/boxer/internal/eval/eval.go:463.23,465.3 1 0
github.com/BarakChamo/boxer/internal/eval/eval.go:466.2,468.23 3 0
github.com/BarakChamo/boxer/internal/eval/eval.go:468.23,471.19 2 0
github.com/BarakChamo/boxer/internal/eval/eval.go:471.19,472.40 1 0
github.com/BarakChamo/boxer/internal/eval/eval.go:472.40,474.5 1 0
github.com/BarakChamo/boxer/internal/eval/eval.go:477.2,477.111 1 0
github.com/BarakChamo/boxer/internal/eval/eval.go:480.33,481.16 1 0
github.com/BarakChamo/boxer/internal/eval/eval.go:482.14,483.16 1 0
github.com/BarakChamo/boxer/internal/eval/eval.go:484.14,485.16 1 0
github.com/BarakChamo/boxer/internal/eval/eval.go:487.2,487.15 1 0
github.com/BarakChamo/boxer/internal/eval/eval.go:491.51,498.47 7 0
github.com/BarakChamo/boxer/internal/eval/eval.go:498.47,498.103 1 0
github.com/BarakChamo/boxer/internal/eval/eval.go:499.2,499.27 1 0
github.com/BarakChamo/boxer/internal/eval/eval.go:499.27,501.16 2 0
github.com/BarakChamo/boxer/internal/eval/eval.go:501.16,503.4 1 0
github.com/BarakChamo/boxer/internal/eval/eval.go:504.3,504.32 1 0
github.com/BarakChamo/boxer/internal/eval/eval.go:504.32,506.4 1 0
github.com/BarakChamo/boxer/internal/eval/eval.go:507.3,507.19 1 0
github.com/BarakChamo/boxer/internal/eval/eval.go:508.15,509.10 1 0
github.com/BarakChamo/boxer/internal/eval/eval.go:510.15,511.10 1 0
github.com/BarakChamo/boxer/internal/eval/eval.go:512.11,513.10 1 0
github.com/BarakChamo/boxer/internal/eval/eval.go:515.3,515.20 1 0
github.com/BarakChamo/boxer/internal/eval/eval.go:515.20,518.4 2 0
github.com/BarakChamo/boxer/internal/eval/eval.go:519.3,519.20 1 0
github.com/BarakChamo/boxer/internal/eval/eval.go:519.20,521.4 1 0
github.com/BarakChamo/boxer/internal/eval/eval.go:522.3,522.132 1 0
github.com/BarakChamo/boxer/internal/eval/eval.go:524.2,525.15 2 0
github.com/BarakChamo/boxer/internal/eval/eval.go:525.15,527.3 1 0
github.com/BarakChamo/boxer/internal/eval/eval.go:528.2,528.19 1 0
github.com/BarakChamo/boxer/internal/eval/eval.go:533.46,534.42 1 1
github.com/BarakChamo/boxer/internal/eval/eval.go:534.42,535.17 1 1
github.com/BarakChamo/boxer/internal/eval/eval.go:535.18,535.19 0 1
github.com/BarakChamo/boxer/internal/eval/eval.go:537.2,538.63 2 0
github.com/BarakChamo/boxer/internal/eval/eval.go:538.63,540.3 1 0
github.com/BarakChamo/boxer/internal/eval/eval.go:541.2,542.16 2 0
github.com/BarakChamo/boxer/internal/eval/eval.go:542.16,544.3 1 0
github.com/BarakChamo/boxer/internal/eval/eval.go:545.2,545.84 1 0
github.com/BarakChamo/boxer/internal/eval/eval.go:545.84,547.69 2 0
github.com/BarakChamo/boxer/internal/eval/eval.go:547.69,550.4 2 0
github.com/BarakChamo/boxer/internal/eval/eval.go:552.2,552.16 1 0
github.com/BarakChamo/boxer/internal/eval/eval.go:552.16,552.74 2 0
github.com/BarakChamo/boxer/internal/eval/eval.go:556.24,557.47 1 1
github.com/BarakChamo/boxer/internal/eval/eval.go:557.47,559.3 1 1
github.com/BarakChamo/boxer/internal/eval/eval.go:560.2,561.69 2 0
github.com/BarakChamo/boxer/internal/eval/gemini.go:19.29,19.52 1 0
github.com/BarakChamo/boxer/internal/eval/gemini.go:21.53,22.51 1 0
github.com/BarakChamo/boxer/internal/eval/gemini.go:22.51,24.3 1 0
github.com/BarakChamo/boxer/internal/eval/gemini.go:25.2,25.18 1 0
github.com/BarakChamo/boxer/internal/eval/gemini.go:25.18,26.68 1 0
github.com/BarakChamo/boxer/internal/eval/gemini.go:26.68,28.4 1 0
github.com/BarakChamo/boxer/internal/eval/gemini.go:30.2,30.17 1 0
github.com/BarakChamo/boxer/internal/eval/gemini.go:33.41,35.54 2 0
github.com/BarakChamo/boxer/internal/eval/gemini.go:35.54,37.3 1 0
github.com/BarakChamo/boxer/internal/eval/gemini.go:38.2,44.3 1 0
github.com/BarakChamo/boxer/internal/eval/gemini.go:47.37,47.86 1 0
github.com/BarakChamo/boxer/internal/eval/gemini.go:49.49,52.75 2 0
github.com/BarakChamo/boxer/internal/eval/gemini.go:52.75,54.3 1 0
github.com/BarakChamo/boxer/internal/eval/gemini.go:55.2,56.111 2 0
github.com/BarakChamo/boxer/internal/eval/gemini.go:56.111,58.3 1 0
github.com/BarakChamo/boxer/internal/eval/gemini.go:59.2,59.17 1 0
github.com/BarakChamo/boxer/internal/eval/gemini.go:60.16,65.106 5 0
github.com/BarakChamo/boxer/internal/eval/gemini.go:65.106,67.4 1 0
github.com/BarakChamo/boxer/internal/eval/gemini.go:68.17,69.75 1 0
github.com/BarakChamo/boxer/internal/eval/gemini.go:69.75,71.4 1 0
github.com/BarakChamo/boxer/internal/eval/gemini.go:73.2,73.12 1 0
github.com/BarakChamo/boxer/internal/eval/gemini.go:76.43,78.22 2 0
github.com/BarakChamo/boxer/internal/eval/gemini.go:78.22,80.3 1 0
github.com/BarakChamo/boxer/internal/eval/gemini.go:80.8,80.68 1 0
github.com/BarakChamo/boxer/internal/eval/gemini.go:80.68,82.3 1 0
github.com/BarakChamo/boxer/internal/eval/gemini.go:83.2,83.10 1 0
github.com/BarakChamo/boxer/internal/eval/gemini.go:86.74,93.36 7 0
github.com/BarakChamo/boxer/internal/eval/gemini.go:93.36,95.3 1 0
github.com/BarakChamo/boxer/internal/eval/gemini.go:96.2,97.12 2 0
github.com/BarakChamo/boxer/internal/eval/gemini.go:97.12,97.34 1 0
github.com/BarakChamo/boxer/internal/eval/gemini.go:98.2,98.9 1 0
github.com/BarakChamo/boxer/internal/eval/gemini.go:99.14,99.14 0 0
github.com/BarakChamo/boxer/internal/eval/gemini.go:100.37,102.71 2 0
github.com/BarakChamo/boxer/internal/eval/gemini.go:104.2,105.68 2 0
github.com/BarakChamo/boxer/internal/eval/gemini.go:105.68,107.175 2 0
github.com/BarakChamo/boxer/internal/eval/gemini.go:107.175,108.12 1 0
github.com/BarakChamo/boxer/internal/eval/gemini.go:110.3,110.41 1 0
github.com/BarakChamo/boxer/internal/eval/gemini.go:110.41,112.4 1 0
github.com/BarakChamo/boxer/internal/eval/gemini.go:114.2,114.16 1 0
github.com/BarakChamo/boxer/internal/eval/gemini.go:117.42,117.43 0 0
github.com/BarakChamo/boxer/internal/eval/grok.go:25.27,25.44 1 0
github.com/BarakChamo/boxer/internal/eval/grok.go:27.51,28.49 1 0
github.com/BarakChamo/boxer/internal/eval/grok.go:28.49,30.3 1 0
github.com/BarakChamo/boxer/internal/eval/grok.go:31.2,31.18 1 0
github.com/BarakChamo/boxer/internal/eval/grok.go:31.18,32.40 1 0
github.com/BarakChamo/boxer/internal/eval/grok.go:32.40,34.4 1 0
github.com/BarakChamo/boxer/internal/eval/grok.go:36.2,36.17 1 0
github.com/BarakChamo/boxer/internal/eval/grok.go:39.39,41.54 2 0
github.com/BarakChamo/boxer/internal/eval/grok.go:41.54,43.3 1 0
github.com/BarakChamo/boxer/internal/eval/grok.go:44.2,50.18 2 0
github.com/BarakChamo/boxer/internal/eval/grok.go:50.18,52.3 1 0
github.com/BarakChamo/boxer/internal/eval/grok.go:52.8,56.3 1 0
github.com/BarakChamo/boxer/internal/eval/grok.go:57.2,57.14 1 0
github.com/BarakChamo/boxer/internal/eval/grok.go:60.35,60.82 1 0
github.com/BarakChamo/boxer/internal/eval/grok.go:62.47,64.51 2 0
github.com/BarakChamo/boxer/internal/eval/grok.go:64.51,65.70 1 0
github.com/BarakChamo/boxer/internal/eval/grok.go:65.70,67.4 1 0
github.com/BarakChamo/boxer/internal/eval/grok.go:69.2,71.93 3 0
github.com/BarakChamo/boxer/internal/eval/grok.go:71.93,73.3 1 0
github.com/BarakChamo/boxer/internal/eval/grok.go:74.2,75.17 2 0
github.com/BarakChamo/boxer/internal/eval/grok.go:76.14,78.17 2 0
github.com/BarakChamo/boxer/internal/eval/grok.go:78.17,80.4 1 0
github.com/BarakChamo/boxer/internal/eval/grok.go:81.3,81.92 1 0
github.com/BarakChamo/boxer/internal/eval/grok.go:81.92,83.4 1 0
github.com/BarakChamo/boxer/internal/eval/grok.go:84.24,85.103 1 0
github.com/BarakChamo/boxer/internal/eval/grok.go:85.103,87.4 1 0
github.com/BarakChamo/boxer/internal/eval/grok.go:89.2,89.47 1 0
github.com/BarakChamo/boxer/internal/eval/grok.go:89.47,90.69 1 0
github.com/BarakChamo/boxer/internal/eval/grok.go:90.69,92.4 1 0
github.com/BarakChamo/boxer/internal/eval/grok.go:94.2,94.12 1 0
github.com/BarakChamo/boxer/internal/eval/grok.go:97.72,101.22 2 0
github.com/BarakChamo/boxer/internal/eval/grok.go:101.22,103.3 1 0
github.com/BarakChamo/boxer/internal/eval/grok.go:104.2,112.36 7 0
github.com/BarakChamo/boxer/internal/eval/grok.go:112.36,114.3 1 0
github.com/BarakChamo/boxer/internal/eval/grok.go:115.2,116.12 2 0
github.com/BarakChamo/boxer/internal/eval/grok.go:116.12,116.34 1 0
github.com/BarakChamo/boxer/internal/eval/grok.go:117.2,117.9 1 0
github.com/BarakChamo/boxer/internal/eval/grok.go:118.14,118.14 0 0
github.com/BarakChamo/boxer/internal/eval/grok.go:119.37,121.69 2 0
github.com/BarakChamo/boxer/internal/eval/grok.go:123.2,124.24 2 0
github.com/BarakChamo/boxer/internal/eval/grok.go:124.24,126.3 1 0
github.com/BarakChamo/boxer/internal/eval/grok.go:127.2,127.16 1 0
github.com/BarakChamo/boxer/internal/eval/grok.go:130.40,130.41 0 0
github.com/BarakChamo/boxer/internal/eval/grok.go:135.43,140.16 5 1
github.com/BarakChamo/boxer/internal/eval/grok.go:140.16,150.44 2 3
github.com/BarakChamo/boxer/internal/eval/grok.go:150.44,151.12 1 0
github.com/BarakChamo/boxer/internal/eval/grok.go:153.3,153.17 1 3
github.com/BarakChamo/boxer/internal/eval/grok.go:154.15,155.28 1 1
github.com/BarakChamo/boxer/internal/eval/grok.go:156.20,157.24 1 2
github.com/BarakChamo/boxer/internal/eval/grok.go:157.24,159.5 1 0
github.com/BarakChamo/boxer/internal/eval/grok.go:160.4,160.61 1 2
github.com/BarakChamo/boxer/internal/eval/grok.go:160.61,162.5 1 1
github.com/BarakChamo/boxer/internal/eval/grok.go:163.4,163.43 1 2
github.com/BarakChamo/boxer/internal/eval/grok.go:166.2,167.58 2 1
github.com/BarakChamo/boxer/internal/eval/grok.go:167.58,169.3 1 1
github.com/BarakChamo/boxer/internal/eval/grok.go:170.2,170.11 1 1
github.com/BarakChamo/boxer/internal/eval/grok.go:175.33,176.22 1 0
github.com/BarakChamo/boxer/internal/eval/grok.go:176.22,178.3 1 0
github.com/BarakChamo/boxer/internal/eval/grok.go:179.2,179.232 1 0
github.com/BarakChamo/boxer/internal/eval/inside.go:22.29,22.48 1 0
github.com/BarakChamo/boxer/internal/eval/inside.go:24.53,25.36 1 0
github.com/BarakChamo/boxer/internal/eval/inside.go:25.36,27.3 1 0
github.com/BarakChamo/boxer/internal/eval/inside.go:28.2,28.17 1 0
github.com/BarakChamo/boxer/internal/eval/inside.go:31.41,33.92 2 0
github.com/BarakChamo/boxer/internal/eval/inside.go:33.92,35.3 1 0
github.com/BarakChamo/boxer/internal/eval/inside.go:36.2,36.14 1 0
github.com/BarakChamo/boxer/internal/eval/inside.go:41.22,43.26 2 0
github.com/BarakChamo/boxer/internal/eval/inside.go:43.26,44.115 1 0
github.com/BarakChamo/boxer/internal/eval/inside.go:44.115,46.4 1 0
github.com/BarakChamo/boxer/internal/eval/inside.go:48.2,48.11 1 0
github.com/BarakChamo/boxer/internal/eval/inside.go:51.51,51.103 1 0
github.com/BarakChamo/boxer/internal/eval/inside.go:53.49,56.48 3 0
github.com/BarakChamo/boxer/internal/eval/inside.go:56.48,58.3 1 0
github.com/BarakChamo/boxer/internal/eval/inside.go:59.2,59.22 1 0
github.com/BarakChamo/boxer/internal/eval/inside.go:59.22,61.3 1 0
github.com/BarakChamo/boxer/internal/eval/inside.go:62.2,64.11 3 0
github.com/BarakChamo/boxer/internal/eval/inside.go:65.16,66.206 1 0
github.com/BarakChamo/boxer/internal/eval/inside.go:67.15,69.80 2 0
github.com/BarakChamo/boxer/internal/eval/inside.go:70.16,71.216 1 0
github.com/BarakChamo/boxer/internal/eval/inside.go:72.14,73.308 1 0
github.com/BarakChamo/boxer/internal/eval/inside.go:74.18,76.104 2 0
github.com/BarakChamo/boxer/internal/eval/inside.go:76.104,78.4 1 0
github.com/BarakChamo/boxer/internal/eval/inside.go:79.14,81.326 1 0
github.com/BarakChamo/boxer/internal/eval/inside.go:82.12,83.275 1 0
github.com/BarakChamo/boxer/internal/eval/inside.go:85.2,85.31 1 0
github.com/BarakChamo/boxer/internal/eval/inside.go:85.31,88.67 3 0
github.com/BarakChamo/boxer/internal/eval/inside.go:88.67,90.4 1 0
github.com/BarakChamo/boxer/internal/eval/inside.go:92.2,92.12 1 0
github.com/BarakChamo/boxer/internal/eval/inside.go:97.60,100.32 3 0
github.com/BarakChamo/boxer/internal/eval/inside.go:100.32,102.3 1 0
github.com/BarakChamo/boxer/internal/eval/inside.go:103.2,103.11 1 0
github.com/BarakChamo/boxer/internal/eval/inside.go:104.16,105.179 1 0
github.com/BarakChamo/boxer/internal/eval/inside.go:106.15,107.76 1 0
github.com/BarakChamo/boxer/internal/eval/inside.go:108.14,109.106 1 0
github.com/BarakChamo/boxer/internal/eval/inside.go:110.16,111.68 1 0
github.com/BarakChamo/boxer/internal/eval/inside.go:111.68,113.4 1 0
github.com/BarakChamo/boxer/internal/eval/inside.go:114.3,114.197 1 0
github.com/BarakChamo/boxer/internal/eval/inside.go:115.14,116.86 1 0
github.com/BarakChamo/boxer/internal/eval/inside.go:117.24,119.22 2 0
github.com/BarakChamo/boxer/internal/eval/inside.go:119.22,122.4 2 0
github.com/BarakChamo/boxer/internal/eval/inside.go:123.3,123.283 1 0
github.com/BarakChamo/boxer/internal/eval/inside.go:125.2,125.31 1 0
github.com/BarakChamo/boxer/internal/eval/inside.go:125.31,128.70 3 0
github.com/BarakChamo/boxer/internal/eval/inside.go:128.70,130.4 1 0
github.com/BarakChamo/boxer/internal/eval/inside.go:132.2,132.12 1 0
github.com/BarakChamo/boxer/internal/eval/inside.go:138.58,141.22 3 0
github.com/BarakChamo/boxer/internal/eval/inside.go:141.22,143.12 2 0
github.com/BarakChamo/boxer/internal/eval/inside.go:144.17,146.61 2 0
github.com/BarakChamo/boxer/internal/eval/inside.go:146.61,148.5 1 0
github.com/BarakChamo/boxer/internal/eval/inside.go:149.4,149.12 1 0
github.com/BarakChamo/boxer/internal/eval/inside.go:150.16,151.67 1 0
github.com/BarakChamo/boxer/internal/eval/inside.go:152.15,153.96 1 0
github.com/BarakChamo/boxer/internal/eval/inside.go:154.17,156.114 2 0
github.com/BarakChamo/boxer/internal/eval/inside.go:159.2,159.11 1 0
github.com/BarakChamo/boxer/internal/eval/inside.go:160.16,161.178 1 0
github.com/BarakChamo/boxer/internal/eval/inside.go:162.15,163.39 1 0
github.com/BarakChamo/boxer/internal/eval/inside.go:164.16,165.135 1 0
github.com/BarakChamo/boxer/internal/eval/inside.go:166.14,167.43 1 0
github.com/BarakChamo/boxer/internal/eval/inside.go:168.18,169.165 1 0
github.com/BarakChamo/boxer/internal/eval/inside.go:170.12,171.78 1 0
github.com/BarakChamo/boxer/internal/eval/inside.go:172.14,173.68 1 0
github.com/BarakChamo/boxer/internal/eval/inside.go:175.2,175.12 1 0
github.com/BarakChamo/boxer/internal/eval/inside.go:178.74,182.11 4 0
github.com/BarakChamo/boxer/internal/eval/inside.go:183.16,184.141 1 0
github.com/BarakChamo/boxer/internal/eval/inside.go:185.15,186.69 1 0
github.com/BarakChamo/boxer/internal/eval/inside.go:187.16,188.42 1 0
github.com/BarakChamo/boxer/internal/eval/inside.go:189.14,190.32 1 0
github.com/BarakChamo/boxer/internal/eval/inside.go:191.18,192.58 1 0
github.com/BarakChamo/boxer/internal/eval/inside.go:193.12,194.95 1 0
github.com/BarakChamo/boxer/internal/eval/inside.go:195.14,196.114 1 0
github.com/BarakChamo/boxer/internal/eval/inside.go:198.2,198.22 1 0
github.com/BarakChamo/boxer/internal/eval/inside.go:198.22,199.12 1 0
github.com/BarakChamo/boxer/internal/eval/inside.go:200.19,201.73 1 0
github.com/BarakChamo/boxer/internal/eval/inside.go:202.13,203.99 1 0
github.com/BarakChamo/boxer/internal/eval/inside.go:204.15,205.109 1 0
github.com/BarakChamo/boxer/internal/eval/inside.go:208.2,209.25 2 0
github.com/BarakChamo/boxer/internal/eval/inside.go:209.25,211.3 1 0
github.com/BarakChamo/boxer/internal/eval/inside.go:212.2,220.36 9 0
github.com/BarakChamo/boxer/internal/eval/inside.go:220.36,222.3 1 0
github.com/BarakChamo/boxer/internal/eval/inside.go:223.2,224.12 2 0
github.com/BarakChamo/boxer/internal/eval/inside.go:224.12,224.34 1 0
github.com/BarakChamo/boxer/internal/eval/inside.go:225.2,225.9 1 0
github.com/BarakChamo/boxer/internal/eval/inside.go:226.14,226.14 0 0
github.com/BarakChamo/boxer/internal/eval/inside.go:227.38,229.82 2 0
github.com/BarakChamo/boxer/internal/eval/inside.go:231.2,233.22 3 0
github.com/BarakChamo/boxer/internal/eval/inside.go:233.22,234.36 1 0
github.com/BarakChamo/boxer/internal/eval/inside.go:234.36,236.4 1 0
github.com/BarakChamo/boxer/internal/eval/inside.go:238.2,238.11 1 0
github.com/BarakChamo/boxer/internal/eval/inside.go:239.16,240.44 1 0
github.com/BarakChamo/boxer/internal/eval/inside.go:241.15,242.41 1 0
github.com/BarakChamo/boxer/internal/eval/inside.go:243.10,244.60 1 0
github.com/BarakChamo/boxer/internal/eval/inside.go:244.60,246.377 2 0
github.com/BarakChamo/boxer/internal/eval/inside.go:246.377,247.13 1 0
github.com/BarakChamo/boxer/internal/eval/inside.go:249.4,250.42 2 0
github.com/BarakChamo/boxer/internal/eval/inside.go:250.42,252.5 1 0
github.com/BarakChamo/boxer/internal/eval/inside.go:255.2,255.16 1 0
github.com/BarakChamo/boxer/internal/eval/inside.go:258.42,258.43 0 0
github.com/BarakChamo/boxer/internal/eval/kimi.go:19.27,19.44 1 0
github.com/BarakChamo/boxer/internal/eval/kimi.go:21.51,22.49 1 0
github.com/BarakChamo/boxer/internal/eval/kimi.go:22.49,24.3 1 0
github.com/BarakChamo/boxer/internal/eval/kimi.go:25.2,25.18 1 0
github.com/BarakChamo/boxer/internal/eval/kimi.go:25.18,26.40 1 0
github.com/BarakChamo/boxer/internal/eval/kimi.go:26.40,28.4 1 0
github.com/BarakChamo/boxer/internal/eval/kimi.go:30.2,30.17 1 0
github.com/BarakChamo/boxer/internal/eval/kimi.go:33.39,43.2 3 0
github.com/BarakChamo/boxer/internal/eval/kimi.go:45.35,45.82 1 0
github.com/BarakChamo/boxer/internal/eval/kimi.go:47.47,49.49 2 0
github.com/BarakChamo/boxer/internal/eval/kimi.go:49.49,51.3 1 0
github.com/BarakChamo/boxer/internal/eval/kimi.go:52.2,53.22 2 0
github.com/BarakChamo/boxer/internal/eval/kimi.go:53.22,56.3 2 0
github.com/BarakChamo/boxer/internal/eval/kimi.go:58.2,59.16 2 0
github.com/BarakChamo/boxer/internal/eval/kimi.go:59.16,61.3 1 0
github.com/BarakChamo/boxer/internal/eval/kimi.go:62.2,62.50 1 0
github.com/BarakChamo/boxer/internal/eval/kimi.go:62.50,64.55 2 0
github.com/BarakChamo/boxer/internal/eval/kimi.go:64.55,66.4 1 0
github.com/BarakChamo/boxer/internal/eval/kimi.go:67.3,68.50 2 0
github.com/BarakChamo/boxer/internal/eval/kimi.go:68.50,70.4 1 0
github.com/BarakChamo/boxer/internal/eval/kimi.go:71.3,71.49 1 0
github.com/BarakChamo/boxer/internal/eval/kimi.go:73.2,73.93 1 0
github.com/BarakChamo/boxer/internal/eval/kimi.go:73.93,75.3 1 0
github.com/BarakChamo/boxer/internal/eval/kimi.go:77.2,77.90 1 0
github.com/BarakChamo/boxer/internal/eval/kimi.go:77.90,79.3 1 0
github.com/BarakChamo/boxer/internal/eval/kimi.go:80.2,80.13 1 0
github.com/BarakChamo/boxer/internal/eval/kimi.go:80.13,81.103 1 0
github.com/BarakChamo/boxer/internal/eval/kimi.go:81.103,83.4 1 0
github.com/BarakChamo/boxer/internal/eval/kimi.go:85.2,85.12 1 0
github.com/BarakChamo/boxer/internal/eval/kimi.go:88.72,92.13 4 0
github.com/BarakChamo/boxer/internal/eval/kimi.go:92.13,94.3 1 0
github.com/BarakChamo/boxer/internal/eval/kimi.go:95.2,97.36 3 0
github.com/BarakChamo/boxer/internal/eval/kimi.go:97.36,99.3 1 0
github.com/BarakChamo/boxer/internal/eval/kimi.go:100.2,101.12 2 0
github.com/BarakChamo/boxer/internal/eval/kimi.go:101.12,101.34 1 0
github.com/BarakChamo/boxer/internal/eval/kimi.go:102.2,102.9 1 0
github.com/BarakChamo/boxer/internal/eval/kimi.go:103.14,103.14 0 0
github.com/BarakChamo/boxer/internal/eval/kimi.go:104.37,106.69 2 0
github.com/BarakChamo/boxer/internal/eval/kimi.go:108.2,110.57 2 0
github.com/BarakChamo/boxer/internal/eval/kimi.go:110.57,111.38 1 0
github.com/BarakChamo/boxer/internal/eval/kimi.go:111.38,112.73 1 0
github.com/BarakChamo/boxer/internal/eval/kimi.go:112.73,114.5 1 0
github.com/BarakChamo/boxer/internal/eval/kimi.go:117.2,117.16 1 0
github.com/BarakChamo/boxer/internal/eval/kimi.go:120.40,120.41 0 0
github.com/BarakChamo/boxer/internal/eval/kimi.go:123.57,136.2 1 0
github.com/BarakChamo/boxer/internal/eval/kimi.go:139.53,140.25 1 0
github.com/BarakChamo/boxer/internal/eval/kimi.go:140.25,141.37 1 0
github.com/BarakChamo/boxer/internal/eval/kimi.go:141.37,144.4 2 0
github.com/BarakChamo/boxer/internal/eval/kimi.go:146.2,146.33 1 0
github.com/BarakChamo/boxer/internal/eval/opencode.go:19.31,19.52 1 0
github.com/BarakChamo/boxer/internal/eval/opencode.go:21.55,22.53 1 0
github.com/BarakChamo/boxer/internal/eval/opencode.go:22.53,24.3 1 0
github.com/BarakChamo/boxer/internal/eval/opencode.go:25.2,25.18 1 0
github.com/BarakChamo/boxer/internal/eval/opencode.go:25.18,26.47 1 0
github.com/BarakChamo/boxer/internal/eval/opencode.go:26.47,28.4 1 0
github.com/BarakChamo/boxer/internal/eval/opencode.go:30.2,30.17 1 0
github.com/BarakChamo/boxer/internal/eval/opencode.go:33.43,35.47 2 0
github.com/BarakChamo/boxer/internal/eval/opencode.go:35.47,37.3 1 0
github.com/BarakChamo/boxer/internal/eval/opencode.go:38.2,38.90 1 0
github.com/BarakChamo/boxer/internal/eval/opencode.go:41.49,42.72 1 0
github.com/BarakChamo/boxer/internal/eval/opencode.go:42.72,44.3 1 0
github.com/BarakChamo/boxer/internal/eval/opencode.go:45.2,47.45 3 0
github.com/BarakChamo/boxer/internal/eval/opencode.go:47.45,49.3 1 0
github.com/BarakChamo/boxer/internal/eval/opencode.go:50.2,54.22 4 0
github.com/BarakChamo/boxer/internal/eval/opencode.go:54.22,57.3 2 0
github.com/BarakChamo/boxer/internal/eval/opencode.go:58.2,65.51 4 0
github.com/BarakChamo/boxer/internal/eval/opencode.go:68.74,70.22 2 0
github.com/BarakChamo/boxer/internal/eval/opencode.go:70.22,73.3 2 0
github.com/BarakChamo/boxer/internal/eval/opencode.go:74.2,80.36 7 0
github.com/BarakChamo/boxer/internal/eval/opencode.go:80.36,82.3 1 0
github.com/BarakChamo/boxer/internal/eval/opencode.go:83.2,84.12 2 0
github.com/BarakChamo/boxer/internal/eval/opencode.go:84.12,84.34 1 0
github.com/BarakChamo/boxer/internal/eval/opencode.go:85.2,85.9 1 0
github.com/BarakChamo/boxer/internal/eval/opencode.go:86.14,86.14 0 0
github.com/BarakChamo/boxer/internal/eval/opencode.go:87.37,89.73 2 0
github.com/BarakChamo/boxer/internal/eval/opencode.go:91.2,94.68 3 0
github.com/BarakChamo/boxer/internal/eval/opencode.go:94.68,96.140 2 0
github.com/BarakChamo/boxer/internal/eval/opencode.go:96.140,97.12 1 0
github.com/BarakChamo/boxer/internal/eval/opencode.go:99.3,99.41 1 0
github.com/BarakChamo/boxer/internal/eval/opencode.go:99.41,101.4 1 0
github.com/BarakChamo/boxer/internal/eval/opencode.go:103.2,103.16 1 0
github.com/BarakChamo/boxer/internal/eval/opencode.go:106.44,106.45 0 0
github.com/BarakChamo/boxer/internal/eval/opencode.go:113.34,114.27 1 0
github.com/BarakChamo/boxer/internal/eval/opencode.go:114.27,115.56 1 0
github.com/BarakChamo/boxer/internal/eval/opencode.go:115.56,117.4 1 0
github.com/BarakChamo/boxer/internal/eval/opencode.go:118.3,118.37 1 0
github.com/BarakChamo/boxer/internal/eval/opencode.go:123.33,125.30 2 0
github.com/BarakChamo/boxer/internal/eval/opencode.go:125.30,126.52 1 0
github.com/BarakChamo/boxer/internal/eval/opencode.go:126.52,128.68 2 0
github.com/BarakChamo/boxer/internal/eval/opencode.go:128.68,130.5 1 0
github.com/BarakChamo/boxer/internal/eval/opencode.go:131.4,132.12 2 0
github.com/BarakChamo/boxer/internal/eval/opencode.go:134.3,134.20 1 0
github.com/BarakChamo/boxer/internal/eval/opencode.go:136.2,136.19 1 0
github.com/BarakChamo/boxer/internal/eval/oracle.go:41.35,45.18 4 3
github.com/BarakChamo/boxer/internal/eval/oracle.go:45.18,46.20 1 9
github.com/BarakChamo/boxer/internal/eval/oracle.go:46.20,48.4 1 3
github.com/BarakChamo/boxer/internal/eval/oracle.go:49.3,49.15 1 9
github.com/BarakChamo/boxer/internal/eval/oracle.go:51.2,51.54 1 3
github.com/BarakChamo/boxer/internal/eval/oracle.go:51.54,52.10 1 14
github.com/BarakChamo/boxer/internal/eval/oracle.go:53.39,55.55 2 6
github.com/BarakChamo/boxer/internal/eval/oracle.go:55.55,57.5 1 6
github.com/BarakChamo/boxer/internal/eval/oracle.go:58.4,58.57 1 6
github.com/BarakChamo/boxer/internal/eval/oracle.go:58.57,61.5 2 5
github.com/BarakChamo/boxer/internal/eval/oracle.go:62.39,65.70 1 5
github.com/BarakChamo/boxer/internal/eval/oracle.go:65.70,68.5 2 1
github.com/BarakChamo/boxer/internal/eval/oracle.go:69.4,69.146 1 5
github.com/BarakChamo/boxer/internal/eval/oracle.go:69.146,72.5 2 3
github.com/BarakChamo/boxer/internal/eval/oracle.go:75.2,76.10 2 3
github.com/BarakChamo/boxer/internal/eval/oracle.go:81.52,83.32 2 1
github.com/BarakChamo/boxer/internal/eval/oracle.go:83.32,84.58 1 3
github.com/BarakChamo/boxer/internal/eval/oracle.go:84.58,85.12 1 1
github.com/BarakChamo/boxer/internal/eval/oracle.go:87.3,87.63 1 2
github.com/BarakChamo/boxer/internal/eval/oracle.go:87.63,89.4 1 34
github.com/BarakChamo/boxer/internal/eval/oracle.go:89.6,90.32 1 5
github.com/BarakChamo/boxer/internal/eval/oracle.go:90.32,91.15 1 26
github.com/BarakChamo/boxer/internal/eval/oracle.go:91.15,93.15 2 1
github.com/BarakChamo/boxer/internal/eval/oracle.go:99.2,99.12 1 1
github.com/BarakChamo/boxer/internal/eval/oracle.go:103.55,105.46 2 2
github.com/BarakChamo/boxer/internal/eval/oracle.go:105.46,105.106 1 1
github.com/BarakChamo/boxer/internal/eval/oracle.go:106.2,111.71 3 2
github.com/BarakChamo/boxer/internal/eval/oracle.go:111.71,114.58 1 0
github.com/BarakChamo/boxer/internal/eval/oracle.go:114.58,116.4 1 0
github.com/BarakChamo/boxer/internal/eval/oracle.go:118.2,119.9 2 2
github.com/BarakChamo/boxer/internal/eval/oracle.go:120.23,124.52 1 0
github.com/BarakChamo/boxer/internal/eval/oracle.go:124.52,126.4 1 0
github.com/BarakChamo/boxer/internal/eval/oracle.go:127.3,127.37 1 0
github.com/BarakChamo/boxer/internal/eval/oracle.go:127.37,129.4 1 0
github.com/BarakChamo/boxer/internal/eval/oracle.go:130.3,130.48 1 0
github.com/BarakChamo/boxer/internal/eval/oracle.go:130.48,132.4 1 0
github.com/BarakChamo/boxer/internal/eval/oracle.go:133.3,134.11 2 0
github.com/BarakChamo/boxer/internal/eval/oracle.go:135.16,136.52 1 0
github.com/BarakChamo/boxer/internal/eval/oracle.go:136.52,138.4 1 0
github.com/BarakChamo/boxer/internal/eval/oracle.go:139.31,140.68 1 0
github.com/BarakChamo/boxer/internal/eval/oracle.go:144.2,145.20 2 2
github.com/BarakChamo/boxer/internal/eval/oracle.go:145.20,148.3 2 0
github.com/BarakChamo/boxer/internal/eval/oracle.go:151.2,152.40 2 2
github.com/BarakChamo/boxer/internal/eval/oracle.go:152.40,156.3 1 0
github.com/BarakChamo/boxer/internal/eval/oracle.go:157.2,157.58 1 2
github.com/BarakChamo/boxer/internal/eval/oracle.go:157.58,159.3 1 0
github.com/BarakChamo/boxer/internal/eval/oracle.go:162.2,163.20 2 2
github.com/BarakChamo/boxer/internal/eval/oracle.go:164.18,165.16 1 0
github.com/BarakChamo/boxer/internal/eval/oracle.go:166.19,167.17 1 0
github.com/BarakChamo/boxer/internal/eval/oracle.go:175.2,175.105 1 2
github.com/BarakChamo/boxer/internal/eval/oracle.go:175.105,177.3 1 1
github.com/BarakChamo/boxer/internal/eval/oracle.go:178.2,178.59 1 2
github.com/BarakChamo/boxer/internal/eval/oracle.go:178.59,180.3 1 1
github.com/BarakChamo/boxer/internal/eval/oracle.go:181.2,181.31 1 2
github.com/BarakChamo/boxer/internal/eval/oracle.go:181.31,182.49 1 0
github.com/BarakChamo/boxer/internal/eval/oracle.go:182.49,184.4 1 0
github.com/BarakChamo/boxer/internal/eval/oracle.go:189.2,191.111 3 2
github.com/BarakChamo/boxer/internal/eval/oracle.go:191.111,193.3 1 0
github.com/BarakChamo/boxer/internal/eval/oracle.go:194.2,194.58 1 2
github.com/BarakChamo/boxer/internal/eval/oracle.go:194.58,196.3 1 0
github.com/BarakChamo/boxer/internal/eval/oracle.go:197.2,197.92 1 2
github.com/BarakChamo/boxer/internal/eval/oracle.go:197.92,199.3 1 0
github.com/BarakChamo/boxer/internal/eval/oracle.go:202.2,202.33 1 2
github.com/BarakChamo/boxer/internal/eval/oracle.go:207.59,209.46 2 2
github.com/BarakChamo/boxer/internal/eval/oracle.go:209.46,209.106 1 0
github.com/BarakChamo/boxer/internal/eval/oracle.go:212.2,214.16 3 2
github.com/BarakChamo/boxer/internal/eval/oracle.go:214.16,217.3 2 0
github.com/BarakChamo/boxer/internal/eval/oracle.go:218.2,218.63 1 2
github.com/BarakChamo/boxer/internal/eval/oracle.go:218.63,220.3 1 0
github.com/BarakChamo/boxer/internal/eval/oracle.go:221.2,223.33 3 2
github.com/BarakChamo/boxer/internal/eval/oracle.go:223.33,225.3 1 0
github.com/BarakChamo/boxer/internal/eval/oracle.go:226.2,227.76 2 2
github.com/BarakChamo/boxer/internal/eval/oracle.go:227.76,230.17 3 0
github.com/BarakChamo/boxer/internal/eval/oracle.go:230.17,232.4 1 0
github.com/BarakChamo/boxer/internal/eval/oracle.go:232.9,232.17 1 0
github.com/BarakChamo/boxer/internal/eval/oracle.go:232.17,234.4 1 0
github.com/BarakChamo/boxer/internal/eval/oracle.go:234.9,234.44 1 0
github.com/BarakChamo/boxer/internal/eval/oracle.go:234.44,236.4 1 0
github.com/BarakChamo/boxer/internal/eval/oracle.go:236.9,236.25 1 0
github.com/BarakChamo/boxer/internal/eval/oracle.go:236.25,239.50 2 0
github.com/BarakChamo/boxer/internal/eval/oracle.go:239.50,241.5 1 0
github.com/BarakChamo/boxer/internal/eval/oracle.go:243.3,243.43 1 0
github.com/BarakChamo/boxer/internal/eval/oracle.go:245.2,245.10 1 2
github.com/BarakChamo/boxer/internal/eval/oracle.go:251.38,252.20 1 0
github.com/BarakChamo/boxer/internal/eval/oracle.go:252.20,254.3 1 0
github.com/BarakChamo/boxer/internal/eval/oracle.go:255.2,255.39 1 0
github.com/BarakChamo/boxer/internal/eval/oracle.go:255.39,256.34 1 0
github.com/BarakChamo/boxer/internal/eval/oracle.go:256.34,257.16 1 0
github.com/BarakChamo/boxer/internal/eval/oracle.go:258.141,259.16 1 0
github.com/BarakChamo/boxer/internal/eval/oracle.go:263.2,263.14 1 0
github.com/BarakChamo/boxer/internal/eval/oracle.go:266.31,267.30 1 2
github.com/BarakChamo/boxer/internal/eval/oracle.go:267.30,268.41 1 0
github.com/BarakChamo/boxer/internal/eval/oracle.go:268.41,270.4 1 0
github.com/BarakChamo/boxer/internal/eval/oracle.go:272.2,272.14 1 2
github.com/BarakChamo/boxer/internal/eval/oracle.go:275.38,276.32 1 3
github.com/BarakChamo/boxer/internal/eval/oracle.go:276.32,277.42 1 2
github.com/BarakChamo/boxer/internal/eval/oracle.go:277.42,279.4 1 1
github.com/BarakChamo/boxer/internal/eval/oracle.go:281.2,281.14 1 2
github.com/BarakChamo/boxer/internal/eval/orch.go:26.34,26.51 1 0
github.com/BarakChamo/boxer/internal/eval/orch.go:27.58,29.2 1 0
github.com/BarakChamo/boxer/internal/eval/orch.go:30.46,32.2 1 0
github.com/BarakChamo/boxer/internal/eval/orch.go:33.62,33.76 1 0
github.com/BarakChamo/boxer/internal/eval/orch.go:34.62,34.90 1 0
github.com/BarakChamo/boxer/internal/eval/orch.go:35.63,35.64 0 0
github.com/BarakChamo/boxer/internal/eval/orch.go:37.33,37.84 2 0
github.com/BarakChamo/boxer/internal/eval/orch.go:41.50,42.27 1 0
github.com/BarakChamo/boxer/internal/eval/orch.go:42.27,44.3 1 0
github.com/BarakChamo/boxer/internal/eval/orch.go:45.2,45.162 1 0
github.com/BarakChamo/boxer/internal/eval/orch.go:45.162,47.3 1 0
github.com/BarakChamo/boxer/internal/eval/orch.go:48.2,48.58 1 0
github.com/BarakChamo/boxer/internal/eval/orch.go:59.90,67.2 7 0
github.com/BarakChamo/boxer/internal/eval/orch.go:71.53,75.2 3 0
github.com/BarakChamo/boxer/internal/eval/orch.go:77.34,81.2 3 0
github.com/BarakChamo/boxer/internal/eval/orch.go:84.84,86.34 2 0
github.com/BarakChamo/boxer/internal/eval/orch.go:86.34,87.55 1 0
github.com/BarakChamo/boxer/internal/eval/orch.go:87.55,89.4 1 0
github.com/BarakChamo/boxer/internal/eval/orch.go:90.3,90.32 1 0
github.com/BarakChamo/boxer/internal/eval/orch.go:90.32,91.9 1 0
github.com/BarakChamo/boxer/internal/eval/orch.go:93.3,93.37 1 0
github.com/BarakChamo/boxer/internal/eval/orch.go:95.2,95.81 1 0
github.com/BarakChamo/boxer/internal/eval/orch.go:98.25,99.38 1 0
github.com/BarakChamo/boxer/internal/eval/orch.go:99.38,101.3 1 0
github.com/BarakChamo/boxer/internal/eval/orch.go:102.2,104.12 3 0
github.com/BarakChamo/boxer/internal/eval/orch.go:104.12,104.41 2 0
github.com/BarakChamo/boxer/internal/eval/orch.go:105.2,105.9 1 0
github.com/BarakChamo/boxer/internal/eval/orch.go:106.14,106.14 0 0
github.com/BarakChamo/boxer/internal/eval/orch.go:107.38,108.52 1 0
github.com/BarakChamo/boxer/internal/eval/orch.go:113.30,115.16 2 0
github.com/BarakChamo/boxer/internal/eval/orch.go:115.16,117.3 1 0
github.com/BarakChamo/boxer/internal/eval/orch.go:118.2,119.43 2 0
github.com/BarakChamo/boxer/internal/eval/orch.go:123.83,125.17 2 0
github.com/BarakChamo/boxer/internal/eval/orch.go:125.17,128.3 2 0
github.com/BarakChamo/boxer/internal/eval/orch.go:129.2,130.16 2 0
github.com/BarakChamo/boxer/internal/eval/orch.go:130.16,132.3 1 0
github.com/BarakChamo/boxer/internal/eval/orch.go:133.2,134.28 2 0
github.com/BarakChamo/boxer/internal/eval/orch.go:134.28,136.3 1 0
github.com/BarakChamo/boxer/internal/eval/orch.go:137.2,138.16 2 0
github.com/BarakChamo/boxer/internal/eval/orch.go:138.16,140.3 1 0
github.com/BarakChamo/boxer/internal/eval/orch.go:141.2,143.28 3 0
github.com/BarakChamo/boxer/internal/eval/orch.go:143.28,145.3 1 0
github.com/BarakChamo/boxer/internal/eval/orch.go:146.2,146.30 1 0
github.com/BarakChamo/boxer/internal/eval/orch.go:146.30,148.3 1 0
github.com/BarakChamo/boxer/internal/eval/orch.go:149.2,149.12 1 0
github.com/BarakChamo/boxer/internal/eval/orch.go:154.36,155.54 1 0
github.com/BarakChamo/boxer/internal/eval/orch.go:155.54,157.3 1 0
github.com/BarakChamo/boxer/internal/eval/orch.go:158.2,158.11 1 0
github.com/BarakChamo/boxer/internal/eval/orch_openhands.go:21.32,21.54 1 0
github.com/BarakChamo/boxer/internal/eval/orch_openhands.go:25.34,26.55 1 0
github.com/BarakChamo/boxer/internal/eval/orch_openhands.go:26.55,28.3 1 0
github.com/BarakChamo/boxer/internal/eval/orch_openhands.go:29.2,29.35 1 0
github.com/BarakChamo/boxer/internal/eval/orch_openhands.go:29.35,31.39 2 0
github.com/BarakChamo/boxer/internal/eval/orch_openhands.go:31.39,33.4 1 0
github.com/BarakChamo/boxer/internal/eval/orch_openhands.go:35.2,35.11 1 0
github.com/BarakChamo/boxer/internal/eval/orch_openhands.go:39.27,41.45 2 0
github.com/BarakChamo/boxer/internal/eval/orch_openhands.go:41.45,43.3 1 0
github.com/BarakChamo/boxer/internal/eval/orch_openhands.go:44.2,44.14 1 0
github.com/BarakChamo/boxer/internal/eval/orch_openhands.go:47.34,48.35 1 0
github.com/BarakChamo/boxer/internal/eval/orch_openhands.go:48.35,49.67 1 0
github.com/BarakChamo/boxer/internal/eval/orch_openhands.go:49.67,50.40 1 0
github.com/BarakChamo/boxer/internal/eval/orch_openhands.go:50.40,52.5 1 0
github.com/BarakChamo/boxer/internal/eval/orch_openhands.go:55.2,55.11 1 0
github.com/BarakChamo/boxer/internal/eval/orch_openhands.go:58.58,59.22 1 0
github.com/BarakChamo/boxer/internal/eval/orch_openhands.go:59.22,61.3 1 0
github.com/BarakChamo/boxer/internal/eval/orch_openhands.go:62.2,62.54 1 0
github.com/BarakChamo/boxer/internal/eval/orch_openhands.go:62.54,64.3 1 0
github.com/BarakChamo/boxer/internal/eval/orch_openhands.go:65.2,65.18 1 0
github.com/BarakChamo/boxer/internal/eval/orch_openhands.go:65.18,66.40 1 0
github.com/BarakChamo/boxer/internal/eval/orch_openhands.go:66.40,68.4 1 0
github.com/BarakChamo/boxer/internal/eval/orch_openhands.go:70.2,70.17 1 0
github.com/BarakChamo/boxer/internal/eval/orch_openhands.go:73.44,76.2 1 0
github.com/BarakChamo/boxer/internal/eval/orch_openhands.go:79.52,81.16 2 0
github.com/BarakChamo/boxer/internal/eval/orch_openhands.go:81.16,83.3 1 0
github.com/BarakChamo/boxer/internal/eval/orch_openhands.go:84.2,84.12 1 0
github.com/BarakChamo/boxer/internal/eval/orch_openhands.go:87.41,87.84 1 0
github.com/BarakChamo/boxer/internal/eval/orch_openhands.go:89.77,91.22 2 0
github.com/BarakChamo/boxer/internal/eval/orch_openhands.go:91.22,94.3 1 0
github.com/BarakChamo/boxer/internal/eval/orch_openhands.go:95.2,100.36 6 0
github.com/BarakChamo/boxer/internal/eval/orch_openhands.go:100.36,102.3 1 0
github.com/BarakChamo/boxer/internal/eval/orch_openhands.go:103.2,104.12 2 0
github.com/BarakChamo/boxer/internal/eval/orch_openhands.go:104.12,104.34 1 0
github.com/BarakChamo/boxer/internal/eval/orch_openhands.go:105.2,105.9 1 0
github.com/BarakChamo/boxer/internal/eval/orch_openhands.go:106.14,106.14 0 0
github.com/BarakChamo/boxer/internal/eval/orch_openhands.go:107.37,109.74 2 0
github.com/BarakChamo/boxer/internal/eval/orch_openhands.go:111.2,121.49 5 0
github.com/BarakChamo/boxer/internal/eval/orch_openhands.go:121.49,124.3 2 0
github.com/BarakChamo/boxer/internal/eval/orch_openhands.go:125.2,125.12 1 0
github.com/BarakChamo/boxer/internal/eval/orch_openhands.go:125.12,127.3 1 0
github.com/BarakChamo/boxer/internal/eval/orch_openhands.go:128.2,128.20 1 0
github.com/BarakChamo/boxer/internal/eval/orch_openhands.go:128.20,130.3 1 0
github.com/BarakChamo/boxer/internal/eval/orch_openhands.go:131.2,131.49 1 0
github.com/BarakChamo/boxer/internal/eval/orch_openhands.go:131.49,133.3 1 0
github.com/BarakChamo/boxer/internal/eval/orch_openhands.go:134.2,135.16 2 0
github.com/BarakChamo/boxer/internal/eval/orch_openhands.go:138.45,138.46 0 0
github.com/BarakChamo/boxer/internal/eval/orch_paperclip.go:23.33,23.55 1 0
github.com/BarakChamo/boxer/internal/eval/orch_paperclip.go:25.57,26.31 1 0
github.com/BarakChamo/boxer/internal/eval/orch_paperclip.go:26.31,28.3 1 0
github.com/BarakChamo/boxer/internal/eval/orch_paperclip.go:29.2,29.18 1 0
github.com/BarakChamo/boxer/internal/eval/orch_paperclip.go:29.18,30.40 1 0
github.com/BarakChamo/boxer/internal/eval/orch_paperclip.go:30.40,32.4 1 0
github.com/BarakChamo/boxer/internal/eval/orch_paperclip.go:34.2,34.17 1 0
github.com/BarakChamo/boxer/internal/eval/orch_paperclip.go:37.45,39.2 1 0
github.com/BarakChamo/boxer/internal/eval/orch_paperclip.go:43.53,47.86 1 0
github.com/BarakChamo/boxer/internal/eval/orch_paperclip.go:47.86,49.3 1 0
github.com/BarakChamo/boxer/internal/eval/orch_paperclip.go:50.2,50.73 1 0
github.com/BarakChamo/boxer/internal/eval/orch_paperclip.go:50.73,52.3 1 0
github.com/BarakChamo/boxer/internal/eval/orch_paperclip.go:53.2,54.22 2 0
github.com/BarakChamo/boxer/internal/eval/orch_paperclip.go:54.22,56.3 1 0
github.com/BarakChamo/boxer/internal/eval/orch_paperclip.go:58.2,59.16 2 0
github.com/BarakChamo/boxer/internal/eval/orch_paperclip.go:59.16,61.3 1 0
github.com/BarakChamo/boxer/internal/eval/orch_paperclip.go:62.2,64.72 2 0
github.com/BarakChamo/boxer/internal/eval/orch_paperclip.go:64.72,66.3 1 0
github.com/BarakChamo/boxer/internal/eval/orch_paperclip.go:67.2,67.12 1 0
github.com/BarakChamo/boxer/internal/eval/orch_paperclip.go:70.42,73.2 2 0
github.com/BarakChamo/boxer/internal/eval/orch_paperclip.go:75.78,80.103 3 0
github.com/BarakChamo/boxer/internal/eval/orch_paperclip.go:80.103,82.3 1 0
github.com/BarakChamo/boxer/internal/eval/orch_paperclip.go:83.2,84.112 2 0
github.com/BarakChamo/boxer/internal/eval/orch_paperclip.go:84.112,86.3 1 0
github.com/BarakChamo/boxer/internal/eval/orch_paperclip.go:87.2,92.46 3 0
github.com/BarakChamo/boxer/internal/eval/orch_paperclip.go:92.46,95.3 2 0
github.com/BarakChamo/boxer/internal/eval/orch_paperclip.go:96.2,97.79 2 0
github.com/BarakChamo/boxer/internal/eval/orch_paperclip.go:97.79,99.3 1 0
github.com/BarakChamo/boxer/internal/eval/orch_paperclip.go:103.2,103.141 1 0
github.com/BarakChamo/boxer/internal/eval/orch_paperclip.go:103.141,105.3 1 0
github.com/BarakChamo/boxer/internal/eval/orch_paperclip.go:108.2,118.97 4 0
github.com/BarakChamo/boxer/internal/eval/orch_paperclip.go:118.97,120.3 1 0
github.com/BarakChamo/boxer/internal/eval/orch_paperclip.go:121.2,125.92 3 0
github.com/BarakChamo/boxer/internal/eval/orch_paperclip.go:125.92,127.3 1 0
github.com/BarakChamo/boxer/internal/eval/orch_paperclip.go:133.2,134.87 2 0
github.com/BarakChamo/boxer/internal/eval/orch_paperclip.go:134.87,136.3 1 0
github.com/BarakChamo/boxer/internal/eval/orch_paperclip.go:138.2,145.52 4 0
github.com/BarakChamo/boxer/internal/eval/orch_paperclip.go:145.52,148.112 3 0
github.com/BarakChamo/boxer/internal/eval/orch_paperclip.go:148.112,149.12 1 0
github.com/BarakChamo/boxer/internal/eval/orch_paperclip.go:151.3,151.26 1 0
github.com/BarakChamo/boxer/internal/eval/orch_paperclip.go:151.26,152.20 1 0
github.com/BarakChamo/boxer/internal/eval/orch_paperclip.go:153.48,153.48 0 0
github.com/BarakChamo/boxer/internal/eval/orch_paperclip.go:154.12,155.14 1 0
github.com/BarakChamo/boxer/internal/eval/orch_paperclip.go:159.2,161.20 3 0
github.com/BarakChamo/boxer/internal/eval/orch_paperclip.go:161.20,164.3 2 0
github.com/BarakChamo/boxer/internal/eval/orch_paperclip.go:165.2,171.33 5 0
github.com/BarakChamo/boxer/internal/eval/orch_paperclip.go:171.33,173.3 1 0
github.com/BarakChamo/boxer/internal/eval/orch_paperclip.go:174.2,174.16 1 0
github.com/BarakChamo/boxer/internal/eval/orch_paperclip.go:177.47,177.76 2 0
github.com/BarakChamo/boxer/internal/eval/orch_paperclip.go:180.40,181.139 1 0
github.com/BarakChamo/boxer/internal/eval/orch_paperclip.go:181.139,184.51 3 0
github.com/BarakChamo/boxer/internal/eval/orch_paperclip.go:184.51,186.4 1 0
github.com/BarakChamo/boxer/internal/eval/orch_paperclip.go:188.2,188.12 1 0
github.com/BarakChamo/boxer/internal/eval/orch_paperclip.go:192.41,194.56 2 0
github.com/BarakChamo/boxer/internal/eval/orch_paperclip.go:194.56,195.69 1 0
github.com/BarakChamo/boxer/internal/eval/orch_paperclip.go:195.69,196.54 1 0
github.com/BarakChamo/boxer/internal/eval/orch_paperclip.go:196.54,198.5 1 0
github.com/BarakChamo/boxer/internal/eval/orch_paperclip.go:199.4,199.12 1 0
github.com/BarakChamo/boxer/internal/eval/orch_paperclip.go:202.2,202.11 1 0
github.com/BarakChamo/boxer/internal/eval/orch_paperclip.go:205.35,206.16 1 0
github.com/BarakChamo/boxer/internal/eval/orch_paperclip.go:206.16,208.3 1 0
github.com/BarakChamo/boxer/internal/eval/orch_paperclip.go:209.2,209.10 1 0
github.com/BarakChamo/boxer/internal/eval/orch_t3.go:27.26,27.45 1 0
github.com/BarakChamo/boxer/internal/eval/orch_t3.go:29.50,30.22 1 0
github.com/BarakChamo/boxer/internal/eval/orch_t3.go:30.22,32.3 1 0
github.com/BarakChamo/boxer/internal/eval/orch_t3.go:33.2,33.24 1 0
github.com/BarakChamo/boxer/internal/eval/orch_t3.go:33.24,35.3 1 0
github.com/BarakChamo/boxer/internal/eval/orch_t3.go:36.2,36.18 1 0
github.com/BarakChamo/boxer/internal/eval/orch_t3.go:36.18,37.40 1 0
github.com/BarakChamo/boxer/internal/eval/orch_t3.go:37.40,39.4 1 0
github.com/BarakChamo/boxer/internal/eval/orch_t3.go:41.2,41.17 1 0
github.com/BarakChamo/boxer/internal/eval/orch_t3.go:44.38,49.2 1 0
github.com/BarakChamo/boxer/internal/eval/orch_t3.go:51.36,51.76 1 0
github.com/BarakChamo/boxer/internal/eval/orch_t3.go:55.46,58.28 3 0
github.com/BarakChamo/boxer/internal/eval/orch_t3.go:58.28,59.26 1 0
github.com/BarakChamo/boxer/internal/eval/orch_t3.go:59.26,62.4 2 0
github.com/BarakChamo/boxer/internal/eval/orch_t3.go:64.2,64.20 1 0
github.com/BarakChamo/boxer/internal/eval/orch_t3.go:64.20,66.52 1 0
github.com/BarakChamo/boxer/internal/eval/orch_t3.go:66.52,68.4 1 0
github.com/BarakChamo/boxer/internal/eval/orch_t3.go:69.3,70.99 2 0
github.com/BarakChamo/boxer/internal/eval/orch_t3.go:70.99,72.4 1 0
github.com/BarakChamo/boxer/internal/eval/orch_t3.go:76.3,76.68 1 0
github.com/BarakChamo/boxer/internal/eval/orch_t3.go:76.68,78.4 1 0
github.com/BarakChamo/boxer/internal/eval/orch_t3.go:79.3,80.130 2 0
github.com/BarakChamo/boxer/internal/eval/orch_t3.go:81.8,82.87 1 0
github.com/BarakChamo/boxer/internal/eval/orch_t3.go:82.87,84.4 1 0
github.com/BarakChamo/boxer/internal/eval/orch_t3.go:85.3,86.72 2 0
github.com/BarakChamo/boxer/internal/eval/orch_t3.go:88.2,89.58 2 0
github.com/BarakChamo/boxer/internal/eval/orch_t3.go:89.58,91.3 1 0
github.com/BarakChamo/boxer/internal/eval/orch_t3.go:92.2,94.53 3 0
github.com/BarakChamo/boxer/internal/eval/orch_t3.go:94.53,96.3 1 0
github.com/BarakChamo/boxer/internal/eval/orch_t3.go:97.2,97.96 1 0
github.com/BarakChamo/boxer/internal/eval/orch_t3.go:97.96,99.3 1 0
github.com/BarakChamo/boxer/internal/eval/orch_t3.go:100.2,101.16 2 0
github.com/BarakChamo/boxer/internal/eval/orch_t3.go:101.16,103.3 1 0
github.com/BarakChamo/boxer/internal/eval/orch_t3.go:104.2,105.16 2 0
github.com/BarakChamo/boxer/internal/eval/orch_t3.go:105.16,107.3 1 0
github.com/BarakChamo/boxer/internal/eval/orch_t3.go:108.2,109.65 2 0
github.com/BarakChamo/boxer/internal/eval/orch_t3.go:109.65,111.3 1 0
github.com/BarakChamo/boxer/internal/eval/orch_t3.go:112.2,112.12 1 0
github.com/BarakChamo/boxer/internal/eval/orch_t3.go:116.28,116.56 1 0
github.com/BarakChamo/boxer/internal/eval/orch_t3.go:118.71,122.16 4 0
github.com/BarakChamo/boxer/internal/eval/orch_t3.go:122.16,124.3 1 0
github.com/BarakChamo/boxer/internal/eval/orch_t3.go:125.2,127.22 3 0
github.com/BarakChamo/boxer/internal/eval/orch_t3.go:127.22,129.3 1 0
github.com/BarakChamo/boxer/internal/eval/orch_t3.go:130.2,142.36 6 0
github.com/BarakChamo/boxer/internal/eval/orch_t3.go:142.36,144.3 1 0
github.com/BarakChamo/boxer/internal/eval/orch_t3.go:145.2,146.12 2 0
github.com/BarakChamo/boxer/internal/eval/orch_t3.go:146.12,146.34 1 0
github.com/BarakChamo/boxer/internal/eval/orch_t3.go:147.2,147.9 1 0
github.com/BarakChamo/boxer/internal/eval/orch_t3.go:148.20,148.20 0 0
github.com/BarakChamo/boxer/internal/eval/orch_t3.go:149.38,151.40 2 0
github.com/BarakChamo/boxer/internal/eval/orch_t3.go:153.2,162.20 5 0
github.com/BarakChamo/boxer/internal/eval/orch_t3.go:162.20,164.3 1 0
github.com/BarakChamo/boxer/internal/eval/orch_t3.go:165.2,165.28 1 0
github.com/BarakChamo/boxer/internal/eval/orch_t3.go:165.28,166.64 1 0
github.com/BarakChamo/boxer/internal/eval/orch_t3.go:166.64,168.4 1 0
github.com/BarakChamo/boxer/internal/eval/orch_t3.go:169.3,169.30 1 0
github.com/BarakChamo/boxer/internal/eval/orch_t3.go:171.2,171.16 1 0
github.com/BarakChamo/boxer/internal/eval/orch_t3.go:171.16,173.3 1 0
github.com/BarakChamo/boxer/internal/eval/orch_t3.go:174.2,174.21 1 0
github.com/BarakChamo/boxer/internal/eval/orch_t3.go:174.21,176.3 1 0
github.com/BarakChamo/boxer/internal/eval/orch_t3.go:177.2,177.49 1 0
github.com/BarakChamo/boxer/internal/eval/orch_t3.go:177.49,179.3 1 0
github.com/BarakChamo/boxer/internal/eval/orch_t3.go:180.2,180.41 1 0
github.com/BarakChamo/boxer/internal/eval/orch_t3.go:180.41,181.36 1 0
github.com/BarakChamo/boxer/internal/eval/orch_t3.go:181.36,183.4 1 0
github.com/BarakChamo/boxer/internal/eval/orch_t3.go:185.2,185.16 1 0
github.com/BarakChamo/boxer/internal/eval/orch_t3.go:190.40,193.20 3 0
github.com/BarakChamo/boxer/internal/eval/orch_t3.go:193.20,195.3 1 0
github.com/BarakChamo/boxer/internal/eval/orch_t3.go:196.2,197.42 2 0
github.com/BarakChamo/boxer/internal/eval/orch_t3.go:197.42,198.24 1 0
github.com/BarakChamo/boxer/internal/eval/orch_t3.go:198.24,199.42 1 0
github.com/BarakChamo/boxer/internal/eval/orch_t3.go:199.42,201.5 1 0
github.com/BarakChamo/boxer/internal/eval/orch_t3.go:204.2,204.86 1 0
github.com/BarakChamo/boxer/internal/eval/pi.go:18.25,18.40 1 0
github.com/BarakChamo/boxer/internal/eval/pi.go:20.49,21.47 1 0
github.com/BarakChamo/boxer/internal/eval/pi.go:21.47,23.3 1 0
github.com/BarakChamo/boxer/internal/eval/pi.go:24.2,24.18 1 0
github.com/BarakChamo/boxer/internal/eval/pi.go:24.18,25.41 1 0
github.com/BarakChamo/boxer/internal/eval/pi.go:25.41,27.4 1 0
github.com/BarakChamo/boxer/internal/eval/pi.go:29.2,29.17 1 0
github.com/BarakChamo/boxer/internal/eval/pi.go:32.37,34.47 2 0
github.com/BarakChamo/boxer/internal/eval/pi.go:34.47,36.3 1 0
github.com/BarakChamo/boxer/internal/eval/pi.go:37.2,37.90 1 0
github.com/BarakChamo/boxer/internal/eval/pi.go:40.33,40.78 1 0
github.com/BarakChamo/boxer/internal/eval/pi.go:42.45,43.66 1 0
github.com/BarakChamo/boxer/internal/eval/pi.go:43.66,45.3 1 0
github.com/BarakChamo/boxer/internal/eval/pi.go:46.2,47.80 2 0
github.com/BarakChamo/boxer/internal/eval/pi.go:47.80,49.3 1 0
github.com/BarakChamo/boxer/internal/eval/pi.go:52.2,53.22 2 0
github.com/BarakChamo/boxer/internal/eval/pi.go:53.22,56.3 2 0
github.com/BarakChamo/boxer/internal/eval/pi.go:57.2,57.117 1 0
github.com/BarakChamo/boxer/internal/eval/pi.go:57.117,59.3 1 0
github.com/BarakChamo/boxer/internal/eval/pi.go:62.2,64.16 3 0
github.com/BarakChamo/boxer/internal/eval/pi.go:64.16,66.3 1 0
github.com/BarakChamo/boxer/internal/eval/pi.go:67.2,69.53 3 0
github.com/BarakChamo/boxer/internal/eval/pi.go:72.44,72.97 1 0
github.com/BarakChamo/boxer/internal/eval/pi.go:74.70,76.22 2 0
github.com/BarakChamo/boxer/internal/eval/pi.go:76.22,79.3 2 0
github.com/BarakChamo/boxer/internal/eval/pi.go:80.2,88.36 8 0
github.com/BarakChamo/boxer/internal/eval/pi.go:88.36,90.3 1 0
github.com/BarakChamo/boxer/internal/eval/pi.go:91.2,92.12 2 0
github.com/BarakChamo/boxer/internal/eval/pi.go:92.12,92.34 1 0
github.com/BarakChamo/boxer/internal/eval/pi.go:93.2,93.9 1 0
github.com/BarakChamo/boxer/internal/eval/pi.go:94.14,94.14 0 0
github.com/BarakChamo/boxer/internal/eval/pi.go:95.37,97.67 2 0
github.com/BarakChamo/boxer/internal/eval/pi.go:99.2,100.68 2 0
github.com/BarakChamo/boxer/internal/eval/pi.go:100.68,102.184 2 0
github.com/BarakChamo/boxer/internal/eval/pi.go:102.184,103.12 1 0
github.com/BarakChamo/boxer/internal/eval/pi.go:105.3,105.41 1 0
github.com/BarakChamo/boxer/internal/eval/pi.go:105.41,107.4 1 0
github.com/BarakChamo/boxer/internal/eval/pi.go:109.2,109.16 1 0
github.com/BarakChamo/boxer/internal/eval/pi.go:112.38,112.39 0 0
github.com/BarakChamo/boxer/internal/eval/t2.go:21.35,21.54 1 0
github.com/BarakChamo/boxer/internal/eval/t2.go:24.44,25.25 1 0
github.com/BarakChamo/boxer/internal/eval/t2.go:25.25,26.25 1 0
github.com/BarakChamo/boxer/internal/eval/t2.go:26.25,28.4 1 0
github.com/BarakChamo/boxer/internal/eval/t2.go:30.2,30.18 1 0
github.com/BarakChamo/boxer/internal/eval/t2.go:33.37,34.34 1 0
github.com/BarakChamo/boxer/internal/eval/t2.go:34.34,36.3 1 0
github.com/BarakChamo/boxer/internal/eval/t2.go:37.2,37.51 1 0
github.com/BarakChamo/boxer/internal/eval/t2.go:68.33,69.49 1 0
github.com/BarakChamo/boxer/internal/eval/t2.go:69.49,71.3 1 0
github.com/BarakChamo/boxer/internal/eval/t2.go:72.2,72.22 1 0
github.com/BarakChamo/boxer/internal/eval/t2.go:76.36,78.13 2 0
github.com/BarakChamo/boxer/internal/eval/t2.go:78.13,80.3 1 0
github.com/BarakChamo/boxer/internal/eval/t2.go:81.2,81.14 1 0
github.com/BarakChamo/boxer/internal/eval/t2.go:91.51,92.39 1 0
github.com/BarakChamo/boxer/internal/eval/t2.go:92.39,94.3 1 0
github.com/BarakChamo/boxer/internal/eval/t2.go:95.2,95.97 1 0
github.com/BarakChamo/boxer/internal/eval/t2.go:99.36,100.217 1 0
github.com/BarakChamo/boxer/internal/eval/t2.go:100.217,101.63 1 0
github.com/BarakChamo/boxer/internal/eval/t2.go:101.63,104.22 3 0
github.com/BarakChamo/boxer/internal/eval/t2.go:104.22,106.5 1 0
github.com/BarakChamo/boxer/internal/eval/t2.go:107.4,107.125 1 0
github.com/BarakChamo/boxer/internal/eval/t2.go:110.2,110.11 1 0
github.com/BarakChamo/boxer/internal/eval/t2.go:115.26,116.95 1 0
github.com/BarakChamo/boxer/internal/eval/t2.go:116.95,118.3 1 0
github.com/BarakChamo/boxer/internal/eval/t2.go:119.2,119.10 1 0
github.com/BarakChamo/boxer/internal/eval/t2.go:125.28,127.15 2 0
github.com/BarakChamo/boxer/internal/eval/t2.go:127.15,129.3 1 0
github.com/BarakChamo/boxer/internal/eval/t2.go:130.2,134.16 5 0
github.com/BarakChamo/boxer/internal/eval/t2.go:134.16,136.3 1 0
github.com/BarakChamo/boxer/internal/eval/t2.go:137.2,141.79 3 0
github.com/BarakChamo/boxer/internal/eval/t2.go:141.79,143.3 1 0
github.com/BarakChamo/boxer/internal/eval/t2.go:144.2,145.16 2 0
github.com/BarakChamo/boxer/internal/eval/t2.go:145.16,147.3 1 0
github.com/BarakChamo/boxer/internal/eval/t2.go:148.2,148.10 1 0
github.com/BarakChamo/boxer/internal/eval/timing.go:19.33,19.71 1 1
github.com/BarakChamo/boxer/internal/eval/timing.go:23.42,24.18 1 6
github.com/BarakChamo/boxer/internal/eval/timing.go:24.18,26.3 1 2
github.com/BarakChamo/boxer/internal/eval/timing.go:27.2,27.47 1 4
github.com/BarakChamo/boxer/internal/eval/timing.go:27.47,29.3 1 1
github.com/BarakChamo/boxer/internal/eval/timing.go:30.2,30.15 1 3
github.com/BarakChamo/boxer/internal/eval/timing.go:34.35,36.50 2 0
github.com/BarakChamo/boxer/internal/eval/timing.go:36.50,38.3 1 0
github.com/BarakChamo/boxer/internal/eval/timing.go:39.2,39.12 1 0
github.com/BarakChamo/boxer/internal/eval/timing.go:45.41,46.23 1 0
github.com/BarakChamo/boxer/internal/eval/timing.go:46.23,52.3 1 0
github.com/BarakChamo/boxer/internal/eval/timing.go:53.2,53.30 1 0
github.com/BarakChamo/boxer/internal/eval/timing.go:59.26,62.16 3 0
github.com/BarakChamo/boxer/internal/eval/timing.go:62.16,64.3 1 0
github.com/BarakChamo/boxer/internal/eval/timing.go:65.2,65.23 1 0
github.com/BarakChamo/boxer/internal/eval/timing.go:65.23,66.88 1 0
github.com/BarakChamo/boxer/internal/eval/timing.go:66.88,68.4 1 0
github.com/BarakChamo/boxer/internal/eval/timing.go:79.48,81.46 2 0
github.com/BarakChamo/boxer/internal/eval/timing.go:81.46,81.106 1 0
github.com/BarakChamo/boxer/internal/eval/timing.go:82.2,83.69 2 0
github.com/BarakChamo/boxer/internal/eval/timing.go:83.69,84.121 1 0
github.com/BarakChamo/boxer/internal/eval/timing.go:84.121,85.12 1 0
github.com/BarakChamo/boxer/internal/eval/timing.go:87.3,87.56 1 0
github.com/BarakChamo/boxer/internal/eval/timing.go:87.56,89.4 1 0
github.com/BarakChamo/boxer/internal/eval/timing.go:90.3,90.54 1 0
github.com/BarakChamo/boxer/internal/eval/timing.go:90.54,92.4 1 0
github.com/BarakChamo/boxer/internal/eval/timing.go:94.2,94.24 1 0
github.com/BarakChamo/boxer/internal/eval/timing.go:94.24,97.3 2 0
github.com/BarakChamo/boxer/internal/eval/timing.go:98.2,98.51 1 0
github.com/BarakChamo/boxer/internal/eval/timing.go:98.51,101.3 2 0
github.com/BarakChamo/boxer/internal/eval/timing.go:102.2,104.16 3 0
github.com/BarakChamo/boxer/internal/eval/timing.go:104.16,107.3 2 0
github.com/BarakChamo/boxer/internal/eval/timing.go:108.2,111.23 4 0
github.com/BarakChamo/boxer/internal/eval/timing.go:111.23,112.41 1 0
github.com/BarakChamo/boxer/internal/eval/timing.go:112.41,114.4 1 0
github.com/BarakChamo/boxer/internal/eval/timing.go:116.2,117.23 2 0
github.com/BarakChamo/boxer/internal/eval/timing.go:117.23,120.3 2 0
github.com/BarakChamo/boxer/internal/eval/timing.go:121.2,121.149 1 0
github.com/BarakChamo/boxer/internal/eval/timing.go:121.149,123.3 1 0
github.com/BarakChamo/boxer/internal/eval/timing.go:124.2,124.21 1 0
github.com/BarakChamo/boxer/internal/eval/timing.go:125.17,126.21 1 0
github.com/BarakChamo/boxer/internal/eval/timing.go:126.21,128.4 1 0
github.com/BarakChamo/boxer/internal/eval/timing.go:129.18,131.75 2 0
github.com/BarakChamo/boxer/internal/eval/timing.go:131.75,133.4 1 0
github.com/BarakChamo/boxer/internal/eval/timing.go:135.2,135.10 1 0
github.com/BarakChamo/boxer/internal/eval/timing.go:139.60,141.46 2 0
github.com/BarakChamo/boxer/internal/eval/timing.go:141.46,141.106 1 0
github.com/BarakChamo/boxer/internal/eval/timing.go:142.2,143.18 2 0
github.com/BarakChamo/boxer/internal/eval/timing.go:144.23,145.16 1 0
github.com/BarakChamo/boxer/internal/eval/timing.go:145.16,147.4 1 0
github.com/BarakChamo/boxer/internal/eval/timing.go:148.3,148.24 1 0
github.com/BarakChamo/boxer/internal/eval/timing.go:148.24,152.51 3 0
github.com/BarakChamo/boxer/internal/eval/timing.go:152.51,154.5 1 0
github.com/BarakChamo/boxer/internal/eval/timing.go:154.10,154.34 1 0
github.com/BarakChamo/boxer/internal/eval/timing.go:154.34,156.5 1 0
github.com/BarakChamo/boxer/internal/eval/timing.go:158.15,159.15 1 0
github.com/BarakChamo/boxer/internal/eval/timing.go:159.15,161.4 1 0
github.com/BarakChamo/boxer/internal/eval/timing.go:162.14,164.70 2 0
github.com/BarakChamo/boxer/internal/eval/timing.go:164.70,166.11 2 0
github.com/BarakChamo/boxer/internal/eval/timing.go:167.106,168.19 1 0
github.com/BarakChamo/boxer/internal/eval/timing.go:169.107,170.20 1 0
github.com/BarakChamo/boxer/internal/eval/timing.go:171.104,172.19 1 0
github.com/BarakChamo/boxer/internal/eval/timing.go:175.3,175.47 1 0
github.com/BarakChamo/boxer/internal/eval/timing.go:175.47,178.4 2 0
github.com/BarakChamo/boxer/internal/eval/timing.go:179.3,182.56 3 0
github.com/BarakChamo/boxer/internal/eval/timing.go:182.56,184.4 1 0
github.com/BarakChamo/boxer/internal/eval/timing.go:185.3,185.31 1 0
github.com/BarakChamo/boxer/internal/eval/timing.go:185.31,187.4 1 0
github.com/BarakChamo/boxer/internal/eval/timing.go:189.2,189.10 1 0
github.com/BarakChamo/boxer/internal/vmtest/fake.go:80.46,82.92 2 0
github.com/BarakChamo/boxer/internal/vmtest/fake.go:82.92,84.3 1 0
github.com/BarakChamo/boxer/internal/vmtest/fake.go:88.48,92.65 4 0
github.com/BarakChamo/boxer/internal/vmtest/fake.go:92.65,94.3 1 0
github.com/BarakChamo/boxer/internal/vmtest/fake.go:95.2,99.33 5 0
github.com/BarakChamo/boxer/internal/vmtest/fake.go:117.45,123.4 3 0
github.com/BarakChamo/boxer/internal/vmtest/fake.go:123.4,126.51 3 0
github.com/BarakChamo/boxer/internal/vmtest/fake.go:126.51,128.4 1 0
github.com/BarakChamo/boxer/internal/vmtest/fake.go:130.2,130.92 1 0
github.com/BarakChamo/boxer/internal/vmtest/fake.go:130.92,132.3 1 0
github.com/BarakChamo/boxer/internal/vmtest/fake.go:133.2,136.16 4 0
github.com/BarakChamo/boxer/internal/vmtest/fake.go:136.16,138.3 1 0
github.com/BarakChamo/boxer/internal/vmtest/fake.go:139.2,139.17 1 0
github.com/BarakChamo/boxer/internal/vmtest/fake.go:143.47,148.2 4 0
github.com/BarakChamo/boxer/internal/scope/scope.go:22.38,24.16 2 3
github.com/BarakChamo/boxer/internal/scope/scope.go:24.16,26.26 2 1
github.com/BarakChamo/boxer/internal/scope/scope.go:26.26,28.4 1 1
github.com/BarakChamo/boxer/internal/scope/scope.go:29.3,29.43 1 0
github.com/BarakChamo/boxer/internal/scope/scope.go:31.2,32.21 2 2
github.com/BarakChamo/boxer/internal/scope/scope.go:32.21,34.3 1 0
github.com/BarakChamo/boxer/internal/scope/scope.go:35.2,38.77 4 2
github.com/BarakChamo/boxer/internal/scope/scope.go:41.35,42.24 1 4
github.com/BarakChamo/boxer/internal/scope/scope.go:42.24,44.3 1 2
github.com/BarakChamo/boxer/internal/scope/scope.go:45.2,45.52 1 4
github.com/BarakChamo/boxer/internal/scope/scope.go:45.52,47.3 1 4
github.com/BarakChamo/boxer/internal/scope/scope.go:48.2,48.26 1 0
github.com/BarakChamo/boxer/internal/scope/scope.go:67.80,69.2 1 11
github.com/BarakChamo/boxer/internal/scope/scope.go:73.98,75.16 2 11
github.com/BarakChamo/boxer/internal/scope/scope.go:75.16,77.3 1 1
github.com/BarakChamo/boxer/internal/scope/scope.go:78.2,82.14 5 10
github.com/BarakChamo/boxer/internal/scope/scope.go:83.18,84.23 1 2
github.com/BarakChamo/boxer/internal/scope/scope.go:84.23,85.29 1 1
github.com/BarakChamo/boxer/internal/scope/scope.go:85.29,87.5 1 0
github.com/BarakChamo/boxer/internal/scope/scope.go:88.4,89.20 2 1
github.com/BarakChamo/boxer/internal/scope/scope.go:90.9,92.4 1 1
github.com/BarakChamo/boxer/internal/scope/scope.go:94.2,94.14 1 10
github.com/BarakChamo/boxer/internal/scope/scope.go:95.17,96.25 1 5
github.com/BarakChamo/boxer/internal/scope/scope.go:96.25,97.29 1 2
github.com/BarakChamo/boxer/internal/scope/scope.go:97.29,99.5 1 1
github.com/BarakChamo/boxer/internal/scope/scope.go:100.4,101.21 2 1
github.com/BarakChamo/boxer/internal/scope/scope.go:102.9,102.28 1 3
github.com/BarakChamo/boxer/internal/scope/scope.go:102.28,104.4 1 3
github.com/BarakChamo/boxer/internal/scope/scope.go:106.2,106.14 1 9
github.com/BarakChamo/boxer/internal/scope/scope.go:107.18,108.18 1 3
github.com/BarakChamo/boxer/internal/scope/scope.go:109.14,110.25 1 2
github.com/BarakChamo/boxer/internal/scope/scope.go:111.29,111.29 0 4
github.com/BarakChamo/boxer/internal/scope/scope.go:112.10,113.64 1 0
github.com/BarakChamo/boxer/internal/scope/scope.go:115.2,115.15 1 9
github.com/BarakChamo/boxer/internal/scope/scope.go:115.15,117.3 1 0
github.com/BarakChamo/boxer/internal/scope/scope.go:118.2,125.8 2 9
github.com/BarakChamo/boxer/internal/inside/inside.go:82.13,86.54 4 1
github.com/BarakChamo/boxer/internal/inside/inside.go:86.54,86.85 1 0
github.com/BarakChamo/boxer/internal/inside/inside.go:90.23,92.2 1 3
github.com/BarakChamo/boxer/internal/inside/inside.go:100.24,103.31 3 1
github.com/BarakChamo/boxer/internal/inside/inside.go:103.31,105.29 2 7
github.com/BarakChamo/boxer/internal/inside/inside.go:105.29,106.12 1 0
github.com/BarakChamo/boxer/internal/inside/inside.go:108.3,108.56 1 7
github.com/BarakChamo/boxer/internal/inside/inside.go:108.56,111.4 2 2
github.com/BarakChamo/boxer/internal/inside/inside.go:113.2,113.12 1 1
github.com/BarakChamo/boxer/internal/inside/inside.go:117.28,119.31 2 1
github.com/BarakChamo/boxer/internal/inside/inside.go:119.31,121.3 1 7
github.com/BarakChamo/boxer/internal/inside/inside.go:122.2,122.14 1 1
github.com/BarakChamo/boxer/internal/inside/inside.go:125.34,126.23 1 8
github.com/BarakChamo/boxer/internal/inside/inside.go:126.23,127.43 1 6
github.com/BarakChamo/boxer/internal/inside/inside.go:127.43,129.4 1 2
github.com/BarakChamo/boxer/internal/inside/inside.go:131.2,131.28 1 6
github.com/BarakChamo/boxer/internal/inside/inside.go:134.30,135.32 1 6
github.com/BarakChamo/boxer/internal/inside/inside.go:135.32,138.3 2 6
github.com/BarakChamo/boxer/internal/inside/inside.go:139.2,139.10 1 0
github.com/BarakChamo/boxer/internal/inside/inside.go:152.84,154.9 2 0
github.com/BarakChamo/boxer/internal/inside/inside.go:154.9,156.3 1 0
github.com/BarakChamo/boxer/internal/inside/inside.go:157.2,157.25 1 0
github.com/BarakChamo/boxer/internal/inside/inside.go:157.25,159.3 1 0
github.com/BarakChamo/boxer/internal/inside/inside.go:160.2,160.45 1 0
github.com/BarakChamo/boxer/internal/inside/inside.go:160.45,162.3 1 0
github.com/BarakChamo/boxer/internal/inside/inside.go:163.2,163.49 1 0
github.com/BarakChamo/boxer/internal/inside/inside.go:163.49,165.3 1 0
github.com/BarakChamo/boxer/internal/inside/inside.go:166.2,166.44 1 0
github.com/BarakChamo/boxer/internal/inside/inside.go:166.44,168.3 1 0
github.com/BarakChamo/boxer/internal/inside/inside.go:169.2,172.9 4 0
github.com/BarakChamo/boxer/internal/inside/inside.go:172.9,174.3 1 0
github.com/BarakChamo/boxer/internal/inside/inside.go:175.2,176.64 1 0
github.com/BarakChamo/boxer/internal/inside/inside.go:181.41,183.2 1 1
github.com/BarakChamo/boxer/internal/inside/inside.go:185.56,187.90 2 1
github.com/BarakChamo/boxer/internal/inside/inside.go:187.90,189.3 1 0
github.com/BarakChamo/boxer/internal/inside/inside.go:190.2,196.18 3 1
github.com/BarakChamo/boxer/internal/inside/inside.go:196.18,200.3 1 0
github.com/BarakChamo/boxer/internal/inside/inside.go:204.2,206.37 2 1
github.com/BarakChamo/boxer/internal/inside/inside.go:206.37,211.3 3 2
github.com/BarakChamo/boxer/internal/inside/inside.go:212.2,214.54 2 1
github.com/BarakChamo/boxer/internal/inside/inside.go:214.54,216.39 2 1
github.com/BarakChamo/boxer/internal/inside/inside.go:216.39,218.4 1 1
github.com/BarakChamo/boxer/internal/inside/inside.go:220.2,220.29 1 1
github.com/BarakChamo/boxer/internal/inside/inside.go:220.29,223.3 1 0
github.com/BarakChamo/boxer/internal/inside/inside.go:224.2,224.12 1 1
github.com/BarakChamo/boxer/internal/inside/inside.go:229.50,230.28 1 4
github.com/BarakChamo/boxer/internal/inside/inside.go:230.28,231.25 1 7
github.com/BarakChamo/boxer/internal/inside/inside.go:231.25,233.4 1 1
github.com/BarakChamo/boxer/internal/inside/inside.go:234.3,234.28 1 6
github.com/BarakChamo/boxer/internal/inside/inside.go:234.28,235.58 1 1
github.com/BarakChamo/boxer/internal/inside/inside.go:235.58,237.5 1 1
github.com/BarakChamo/boxer/internal/inside/inside.go:240.2,240.20 1 2
github.com/BarakChamo/boxer/internal/inside/inside.go:245.51,248.23 3 1
github.com/BarakChamo/boxer/internal/inside/inside.go:248.23,250.3 1 1
github.com/BarakChamo/boxer/internal/inside/inside.go:251.2,252.26 2 1
github.com/BarakChamo/boxer/internal/inside/inside.go:252.26,253.35 1 2
github.com/BarakChamo/boxer/internal/inside/inside.go:253.35,255.4 1 2
github.com/BarakChamo/boxer/internal/inside/inside.go:257.2,257.30 1 1
github.com/BarakChamo/boxer/internal/inside/inside.go:260.40,261.13 1 1
github.com/BarakChamo/boxer/internal/inside/inside.go:261.13,263.3 1 0
github.com/BarakChamo/boxer/internal/inside/inside.go:264.2,264.10 1 1
github.com/BarakChamo/boxer/internal/vm/vm.go:29.20,29.57 1 0
github.com/BarakChamo/boxer/internal/vm/vm.go:39.19,41.15 2 0
github.com/BarakChamo/boxer/internal/vm/vm.go:41.15,43.3 1 0
github.com/BarakChamo/boxer/internal/vm/vm.go:44.2,44.25 1 0
github.com/BarakChamo/boxer/internal/vm/vm.go:57.33,57.64 1 2
github.com/BarakChamo/boxer/internal/vm/vm.go:60.43,63.2 2 1
github.com/BarakChamo/boxer/internal/vm/vm.go:66.43,68.16 2 1
github.com/BarakChamo/boxer/internal/vm/vm.go:68.16,70.3 1 0
github.com/BarakChamo/boxer/internal/vm/vm.go:71.2,72.57 2 1
github.com/BarakChamo/boxer/internal/vm/vm.go:72.57,74.3 1 0
github.com/BarakChamo/boxer/internal/vm/vm.go:75.2,75.16 1 1
github.com/BarakChamo/boxer/internal/vm/vm.go:79.44,81.16 2 1
github.com/BarakChamo/boxer/internal/vm/vm.go:81.16,83.3 1 0
github.com/BarakChamo/boxer/internal/vm/vm.go:84.2,85.24 2 1
github.com/BarakChamo/boxer/internal/vm/vm.go:85.24,86.49 1 1
github.com/BarakChamo/boxer/internal/vm/vm.go:86.49,88.4 1 1
github.com/BarakChamo/boxer/internal/vm/vm.go:90.2,90.17 1 1
github.com/BarakChamo/boxer/internal/vm/vm.go:94.60,96.16 2 4
github.com/BarakChamo/boxer/internal/vm/vm.go:96.16,97.49 1 2
github.com/BarakChamo/boxer/internal/vm/vm.go:97.49,99.4 1 2
github.com/BarakChamo/boxer/internal/vm/vm.go:100.3,100.31 1 0
github.com/BarakChamo/boxer/internal/vm/vm.go:102.2,103.56 2 2
github.com/BarakChamo/boxer/internal/vm/vm.go:103.56,105.3 1 0
github.com/BarakChamo/boxer/internal/vm/vm.go:106.2,106.21 1 2
github.com/BarakChamo/boxer/internal/vm/vm.go:125.44,127.9 2 1
github.com/BarakChamo/boxer/internal/vm/vm.go:128.24,129.48 1 0
github.com/BarakChamo/boxer/internal/vm/vm.go:130.20,131.40 1 0
github.com/BarakChamo/boxer/internal/vm/vm.go:132.10,133.37 1 1
github.com/BarakChamo/boxer/internal/vm/vm.go:135.2,135.16 1 1
github.com/BarakChamo/boxer/internal/vm/vm.go:135.16,137.3 1 1
github.com/BarakChamo/boxer/internal/vm/vm.go:138.2,138.21 1 1
github.com/BarakChamo/boxer/internal/vm/vm.go:138.21,140.3 1 1
github.com/BarakChamo/boxer/internal/vm/vm.go:141.2,141.30 1 1
github.com/BarakChamo/boxer/internal/vm/vm.go:141.30,143.3 1 1
github.com/BarakChamo/boxer/internal/vm/vm.go:144.2,144.29 1 1
github.com/BarakChamo/boxer/internal/vm/vm.go:144.29,146.3 1 1
github.com/BarakChamo/boxer/internal/vm/vm.go:147.2,147.28 1 1
github.com/BarakChamo/boxer/internal/vm/vm.go:147.28,149.3 1 0
github.com/BarakChamo/boxer/internal/vm/vm.go:150.2,150.19 1 1
github.com/BarakChamo/boxer/internal/vm/vm.go:151.12,152.31 1 0
github.com/BarakChamo/boxer/internal/vm/vm.go:153.19,154.34 1 1
github.com/BarakChamo/boxer/internal/vm/vm.go:154.34,156.4 1 1
github.com/BarakChamo/boxer/internal/vm/vm.go:158.2,159.12 2 1
github.com/BarakChamo/boxer/internal/vm/vm.go:165.58,166.92 1 0
github.com/BarakChamo/boxer/internal/vm/vm.go:166.92,168.3 1 0
github.com/BarakChamo/boxer/internal/vm/vm.go:169.2,170.35 2 0
github.com/BarakChamo/boxer/internal/vm/vm.go:175.63,176.98 1 0
github.com/BarakChamo/boxer/internal/vm/vm.go:176.98,178.3 1 0
github.com/BarakChamo/boxer/internal/vm/vm.go:179.2,180.35 2 0
github.com/BarakChamo/boxer/internal/vm/vm.go:184.42,187.2 2 1
github.com/BarakChamo/boxer/internal/vm/vm.go:190.41,192.64 2 0
github.com/BarakChamo/boxer/internal/vm/vm.go:192.64,194.3 1 0
github.com/BarakChamo/boxer/internal/vm/vm.go:195.2,195.12 1 0
github.com/BarakChamo/boxer/internal/vm/vm.go:199.43,202.2 2 1
github.com/BarakChamo/boxer/internal/vm/vm.go:217.63,220.11 2 1
github.com/BarakChamo/boxer/internal/vm/vm.go:220.11,222.3 1 0
github.com/BarakChamo/boxer/internal/vm/vm.go:223.2,223.21 1 1
github.com/BarakChamo/boxer/internal/vm/vm.go:223.21,225.3 1 1
github.com/BarakChamo/boxer/internal/vm/vm.go:226.2,226.26 1 1
github.com/BarakChamo/boxer/internal/vm/vm.go:226.26,228.3 1 0
github.com/BarakChamo/boxer/internal/vm/vm.go:229.2,234.36 6 1
github.com/BarakChamo/boxer/internal/vm/vm.go:234.36,236.3 1 0
github.com/BarakChamo/boxer/internal/vm/vm.go:238.2,242.12 5 1
github.com/BarakChamo/boxer/internal/vm/vm.go:242.12,242.34 1 1
github.com/BarakChamo/boxer/internal/vm/vm.go:243.2,243.6 1 1
github.com/BarakChamo/boxer/internal/vm/vm.go:243.6,244.10 1 1
github.com/BarakChamo/boxer/internal/vm/vm.go:245.20,246.29 1 0
github.com/BarakChamo/boxer/internal/vm/vm.go:247.22,249.27 2 1
github.com/BarakChamo/boxer/internal/vm/vm.go:249.27,251.5 1 1
github.com/BarakChamo/boxer/internal/vm/vm.go:252.4,252.18 1 0
github.com/BarakChamo/boxer/internal/vm/vm.go:252.18,254.5 1 0
github.com/BarakChamo/boxer/internal/vm/vm.go:255.4,255.17 1 0
github.com/BarakChamo/boxer/internal/vm/vm.go:261.83,265.2 3 1
github.com/BarakChamo/boxer/internal/vm/vm.go:267.56,272.34 5 9
github.com/BarakChamo/boxer/internal/vm/vm.go:272.34,274.16 2 3
github.com/BarakChamo/boxer/internal/vm/vm.go:274.16,276.4 1 1
github.com/BarakChamo/boxer/internal/vm/vm.go:277.3,277.16 1 3
github.com/BarakChamo/boxer/internal/vm/vm.go:277.16,279.4 1 1
github.com/BarakChamo/boxer/internal/vm/vm.go:280.3,280.55 1 2
github.com/BarakChamo/boxer/internal/vm/vm.go:282.2,282.26 1 6
github.com/BarakChamo/boxer/internal/vm/vm.go:285.39,286.38 1 1
github.com/BarakChamo/boxer/internal/vm/vm.go:286.38,288.3 1 1
github.com/BarakChamo/boxer/internal/vm/vm.go:289.2,289.12 1 0
github.com/BarakChamo/boxer/internal/vm/vm.go:292.36,293.18 1 10
github.com/BarakChamo/boxer/internal/vm/vm.go:293.18,295.3 1 0
github.com/BarakChamo/boxer/internal/install/git.go:22.43,24.16 2 3
github.com/BarakChamo/boxer/internal/install/git.go:24.16,26.3 1 0
github.com/BarakChamo/boxer/internal/install/git.go:27.2,28.26 2 3
github.com/BarakChamo/boxer/internal/install/git.go:28.26,30.3 1 1
github.com/BarakChamo/boxer/internal/install/git.go:31.2,34.49 4 3
github.com/BarakChamo/boxer/internal/install/git.go:34.49,36.3 1 1
github.com/BarakChamo/boxer/internal/install/git.go:37.2,37.80 1 3
github.com/BarakChamo/boxer/internal/install/git.go:37.80,39.3 1 0
github.com/BarakChamo/boxer/internal/install/git.go:40.2,40.46 1 3
github.com/BarakChamo/boxer/internal/install/git.go:40.46,42.3 1 0
github.com/BarakChamo/boxer/internal/install/git.go:43.2,44.16 2 3
github.com/BarakChamo/boxer/internal/install/git.go:48.41,50.16 2 2
github.com/BarakChamo/boxer/internal/install/git.go:50.16,52.3 1 0
github.com/BarakChamo/boxer/internal/install/git.go:53.2,54.26 2 2
github.com/BarakChamo/boxer/internal/install/git.go:54.26,56.3 1 0
github.com/BarakChamo/boxer/internal/install/git.go:57.2,58.65 2 2
github.com/BarakChamo/boxer/internal/install/install.go:30.87,32.16 2 16
github.com/BarakChamo/boxer/internal/install/install.go:32.16,34.3 1 0
github.com/BarakChamo/boxer/internal/install/install.go:35.2,36.69 2 16
github.com/BarakChamo/boxer/internal/install/install.go:36.69,38.3 1 1
github.com/BarakChamo/boxer/internal/install/install.go:39.2,42.17 4 15
github.com/BarakChamo/boxer/internal/install/install.go:43.21,44.97 1 5
github.com/BarakChamo/boxer/internal/install/install.go:44.97,46.4 1 4
github.com/BarakChamo/boxer/internal/install/install.go:46.18,48.4 1 1
github.com/BarakChamo/boxer/internal/install/install.go:49.3,49.82 1 4
github.com/BarakChamo/boxer/internal/install/install.go:49.82,51.4 1 4
github.com/BarakChamo/boxer/internal/install/install.go:51.18,53.4 1 0
github.com/BarakChamo/boxer/internal/install/install.go:54.3,56.133 3 4
github.com/BarakChamo/boxer/internal/install/install.go:57.15,62.138 3 1
github.com/BarakChamo/boxer/internal/install/install.go:63.20,65.97 2 4
github.com/BarakChamo/boxer/internal/install/install.go:65.97,67.61 2 4
github.com/BarakChamo/boxer/internal/install/install.go:67.61,69.5 1 4
github.com/BarakChamo/boxer/internal/install/install.go:70.4,70.16 1 4
github.com/BarakChamo/boxer/internal/install/install.go:70.16,72.21 2 2
github.com/BarakChamo/boxer/internal/install/install.go:72.21,74.6 1 1
github.com/BarakChamo/boxer/internal/install/install.go:75.5,76.23 2 2
github.com/BarakChamo/boxer/internal/install/install.go:78.18,80.4 1 0
github.com/BarakChamo/boxer/internal/install/install.go:81.3,81.60 1 4
github.com/BarakChamo/boxer/internal/install/install.go:82.18,85.86 3 1
github.com/BarakChamo/boxer/internal/install/install.go:85.86,86.34 1 1
github.com/BarakChamo/boxer/internal/install/install.go:86.34,88.5 1 1
github.com/BarakChamo/boxer/internal/install/install.go:89.4,89.49 1 1
github.com/BarakChamo/boxer/internal/install/install.go:89.49,91.5 1 1
github.com/BarakChamo/boxer/internal/install/install.go:92.18,94.4 1 0
github.com/BarakChamo/boxer/internal/install/install.go:95.3,95.60 1 1
github.com/BarakChamo/boxer/internal/install/install.go:96.14,97.101 1 0
github.com/BarakChamo/boxer/internal/install/install.go:97.101,99.4 1 0
github.com/BarakChamo/boxer/internal/install/install.go:99.18,101.4 1 0
github.com/BarakChamo/boxer/internal/install/install.go:102.3,102.82 1 0
github.com/BarakChamo/boxer/internal/install/install.go:102.82,104.4 1 0
github.com/BarakChamo/boxer/internal/install/install.go:104.18,106.4 1 0
github.com/BarakChamo/boxer/internal/install/install.go:107.3,108.167 2 0
github.com/BarakChamo/boxer/internal/install/install.go:109.12,112.144 3 2
github.com/BarakChamo/boxer/internal/install/install.go:113.14,114.95 1 1
github.com/BarakChamo/boxer/internal/install/install.go:114.95,116.4 1 1
github.com/BarakChamo/boxer/internal/install/install.go:116.18,118.4 1 0
github.com/BarakChamo/boxer/internal/install/install.go:119.3,123.182 3 1
github.com/BarakChamo/boxer/internal/install/install.go:124.13,130.284 4 1
github.com/BarakChamo/boxer/internal/install/install.go:131.10,132.123 1 0
github.com/BarakChamo/boxer/internal/install/install.go:134.2,134.16 1 14
github.com/BarakChamo/boxer/internal/install/install.go:140.78,142.16 2 5
github.com/BarakChamo/boxer/internal/install/install.go:142.16,144.3 1 0
github.com/BarakChamo/boxer/internal/install/install.go:145.2,146.69 2 5
github.com/BarakChamo/boxer/internal/install/install.go:146.69,148.3 1 0
github.com/BarakChamo/boxer/internal/install/install.go:149.2,151.17 3 5
github.com/BarakChamo/boxer/internal/install/install.go:152.21,153.94 1 2
github.com/BarakChamo/boxer/internal/install/install.go:153.94,155.4 1 2
github.com/BarakChamo/boxer/internal/install/install.go:155.18,157.4 1 0
github.com/BarakChamo/boxer/internal/install/install.go:158.3,158.147 1 2
github.com/BarakChamo/boxer/internal/install/install.go:159.15,161.17 2 2
github.com/BarakChamo/boxer/internal/install/install.go:161.17,163.4 1 0
github.com/BarakChamo/boxer/internal/install/install.go:164.3,164.112 1 2
github.com/BarakChamo/boxer/internal/install/install.go:164.112,166.4 1 0
github.com/BarakChamo/boxer/internal/install/install.go:167.3,167.164 1 2
github.com/BarakChamo/boxer/internal/install/install.go:168.10,169.116 1 1
github.com/BarakChamo/boxer/internal/install/install.go:171.2,171.16 1 4
github.com/BarakChamo/boxer/internal/install/install.go:177.123,185.19 8 20
github.com/BarakChamo/boxer/internal/install/install.go:185.19,187.3 1 20
github.com/BarakChamo/boxer/internal/install/install.go:188.2,188.8 1 20
github.com/BarakChamo/boxer/internal/install/install.go:191.26,192.50 1 2
github.com/BarakChamo/boxer/internal/install/install.go:192.50,194.3 1 2
github.com/BarakChamo/boxer/internal/install/install.go:195.2,196.39 2 0
github.com/BarakChamo/boxer/internal/install/install.go:199.25,200.43 1 2
github.com/BarakChamo/boxer/internal/install/install.go:200.43,202.3 1 2
github.com/BarakChamo/boxer/internal/install/install.go:203.2,204.38 2 0
github.com/BarakChamo/boxer/internal/install/install.go:214.48,216.9 2 2
github.com/BarakChamo/boxer/internal/install/install.go:216.9,218.3 1 0
github.com/BarakChamo/boxer/internal/install/install.go:219.2,220.24 2 2
github.com/BarakChamo/boxer/internal/install/install.go:220.24,222.3 1 10
github.com/BarakChamo/boxer/internal/install/install.go:223.2,226.30 4 2
github.com/BarakChamo/boxer/internal/install/install.go:226.30,227.43 1 10
github.com/BarakChamo/boxer/internal/install/install.go:227.43,230.46 3 10
github.com/BarakChamo/boxer/internal/install/install.go:230.46,232.5 1 2
github.com/BarakChamo/boxer/internal/install/install.go:233.4,234.45 2 10
github.com/BarakChamo/boxer/internal/install/install.go:234.45,237.45 3 10
github.com/BarakChamo/boxer/internal/install/install.go:237.45,239.6 1 10
github.com/BarakChamo/boxer/internal/install/install.go:240.5,240.38 1 10
github.com/BarakChamo/boxer/internal/install/install.go:242.4,242.68 1 10
github.com/BarakChamo/boxer/internal/install/install.go:245.2,246.24 2 2
github.com/BarakChamo/boxer/internal/install/install.go:251.79,254.47 3 5
github.com/BarakChamo/boxer/internal/install/install.go:254.47,255.50 1 2
github.com/BarakChamo/boxer/internal/install/install.go:255.50,257.4 1 2
github.com/BarakChamo/boxer/internal/install/install.go:257.9,259.4 1 0
github.com/BarakChamo/boxer/internal/install/install.go:260.8,261.48 1 3
github.com/BarakChamo/boxer/internal/install/install.go:261.48,263.4 1 0
github.com/BarakChamo/boxer/internal/install/install.go:264.3,264.17 1 3
github.com/BarakChamo/boxer/internal/install/install.go:264.17,266.4 1 2
github.com/BarakChamo/boxer/internal/install/install.go:267.3,267.13 1 3
github.com/BarakChamo/boxer/internal/install/install.go:269.2,269.63 1 5
github.com/BarakChamo/boxer/internal/install/install.go:269.63,271.3 1 0
github.com/BarakChamo/boxer/internal/install/install.go:272.2,272.61 1 5
github.com/BarakChamo/boxer/internal/install/install.go:272.61,274.3 1 0
github.com/BarakChamo/boxer/internal/install/install.go:275.2,276.12 2 5
github.com/BarakChamo/boxer/internal/install/install.go:281.43,283.45 2 62
github.com/BarakChamo/boxer/internal/install/install.go:283.45,285.3 1 51
github.com/BarakChamo/boxer/internal/install/install.go:286.2,286.10 1 62
github.com/BarakChamo/boxer/internal/install/install.go:289.74,291.101 2 17
github.com/BarakChamo/boxer/internal/install/install.go:291.101,293.3 1 1
github.com/BarakChamo/boxer/internal/install/install.go:294.2,295.63 2 16
github.com/BarakChamo/boxer/internal/install/install.go:295.63,297.3 1 0
github.com/BarakChamo/boxer/internal/install/install.go:298.2,299.67 2 16
github.com/BarakChamo/boxer/internal/install/install.go:299.67,301.3 1 0
github.com/BarakChamo/boxer/internal/install/install.go:302.2,303.12 2 16
github.com/BarakChamo/boxer/internal/install/install.go:308.45,310.21 2 10
github.com/BarakChamo/boxer/internal/install/install.go:310.21,312.3 1 4
github.com/BarakChamo/boxer/internal/install/install.go:313.2,313.51 1 10
github.com/BarakChamo/boxer/internal/install/install.go:313.51,315.36 2 42
github.com/BarakChamo/boxer/internal/install/install.go:315.36,316.22 1 42
github.com/BarakChamo/boxer/internal/install/install.go:316.22,318.5 1 21
github.com/BarakChamo/boxer/internal/install/install.go:320.3,320.24 1 42
github.com/BarakChamo/boxer/internal/install/install.go:322.2,322.23 1 10
github.com/BarakChamo/boxer/internal/install/install.go:325.34,328.2 2 42
github.com/BarakChamo/boxer/internal/install/install.go:330.58,332.14 2 10
github.com/BarakChamo/boxer/internal/install/install.go:332.14,334.3 1 5
github.com/BarakChamo/boxer/internal/install/install.go:335.2,336.16 2 10
github.com/BarakChamo/boxer/internal/install/install.go:339.40,341.16 2 17
github.com/BarakChamo/boxer/internal/install/install.go:341.16,343.3 1 0
github.com/BarakChamo/boxer/internal/install/install.go:344.2,344.62 1 17
github.com/BarakChamo/boxer/internal/install/install.go:344.62,346.3 1 0
github.com/BarakChamo/boxer/internal/install/install.go:347.2,347.52 1 17
github.com/BarakChamo/boxer/internal/install/install.go:347.52,349.3 1 17
github.com/BarakChamo/boxer/internal/install/install.go:355.49,357.16 2 7
github.com/BarakChamo/boxer/internal/install/install.go:357.16,359.3 1 0
github.com/BarakChamo/boxer/internal/install/install.go:360.2,361.50 2 7
github.com/BarakChamo/boxer/internal/install/install.go:361.50,363.48 1 3
github.com/BarakChamo/boxer/internal/install/install.go:363.48,364.68 1 3
github.com/BarakChamo/boxer/internal/install/install.go:364.68,366.69 2 2
github.com/BarakChamo/boxer/internal/install/install.go:366.69,368.6 1 2
github.com/BarakChamo/boxer/internal/install/install.go:371.3,371.9 1 3
github.com/BarakChamo/boxer/internal/install/install.go:373.2,374.61 2 4
github.com/BarakChamo/boxer/internal/install/install.go:374.61,376.3 1 1
github.com/BarakChamo/boxer/internal/install/install.go:377.2,377.95 1 4
github.com/BarakChamo/boxer/internal/install/install.go:377.95,379.3 1 4
github.com/BarakChamo/boxer/internal/install/install.go:386.45,388.11 2 12
github.com/BarakChamo/boxer/internal/install/install.go:388.11,390.3 1 0
github.com/BarakChamo/boxer/internal/install/install.go:391.2,392.48 2 12
github.com/BarakChamo/boxer/internal/install/install.go:392.48,394.3 1 12
github.com/BarakChamo/boxer/internal/install/install.go:395.2,396.19 2 12
github.com/BarakChamo/boxer/internal/install/install.go:405.55,407.37 2 2
github.com/BarakChamo/boxer/internal/install/install.go:407.37,409.17 2 8
github.com/BarakChamo/boxer/internal/install/install.go:409.17,410.12 1 2
github.com/BarakChamo/boxer/internal/install/install.go:412.3,412.44 1 6
github.com/BarakChamo/boxer/internal/install/install.go:412.44,414.4 1 6
github.com/BarakChamo/boxer/internal/install/install.go:416.2,416.12 1 2
github.com/BarakChamo/boxer/internal/install/install.go:419.32,421.30 2 22
github.com/BarakChamo/boxer/internal/install/install.go:421.30,422.25 1 21
github.com/BarakChamo/boxer/internal/install/install.go:422.25,423.31 1 21
github.com/BarakChamo/boxer/internal/install/install.go:423.31,425.5 1 21
github.com/BarakChamo/boxer/internal/install/install.go:428.2,428.12 1 22
github.com/BarakChamo/boxer/internal/install/install.go:433.51,434.30 1 2
github.com/BarakChamo/boxer/internal/install/install.go:434.30,436.3 1 1
github.com/BarakChamo/boxer/internal/install/install.go:437.2,437.24 1 1
github.com/BarakChamo/boxer/pkg/boxer/boxer.go:43.48,45.16 2 2
github.com/BarakChamo/boxer/pkg/boxer/boxer.go:45.16,47.3 1 1
github.com/BarakChamo/boxer/pkg/boxer/boxer.go:48.2,48.26 1 1
github.com/BarakChamo/boxer/pkg/boxer/boxer.go:52.29,52.51 1 3
github.com/BarakChamo/boxer/pkg/boxer/boxer.go:55.35,55.60 1 0
github.com/BarakChamo/boxer/pkg/boxer/boxer.go:59.76,61.2 1 0
github.com/BarakChamo/boxer/pkg/boxer/boxer.go:66.58,66.87 1 1
github.com/BarakChamo/boxer/pkg/boxer/boxer.go:69.28,69.51 1 1
github.com/BarakChamo/boxer/pkg/boxer/boxer.go:72.47,72.72 1 3
github.com/BarakChamo/boxer/pkg/boxer/boxer.go:75.32,75.59 1 1
github.com/BarakChamo/boxer/pkg/boxer/boxer.go:78.30,78.60 1 1
github.com/BarakChamo/boxer/pkg/boxer/boxer.go:81.32,81.64 1 0
github.com/BarakChamo/boxer/pkg/boxer/boxer.go:84.38,84.67 1 1
github.com/BarakChamo/boxer/cmd/boxer/main.go:64.13,66.2 1 0
github.com/BarakChamo/boxer/cmd/boxer/main.go:68.72,69.20 1 17
github.com/BarakChamo/boxer/cmd/boxer/main.go:69.20,72.3 2 0
github.com/BarakChamo/boxer/cmd/boxer/main.go:73.2,74.13 2 17
github.com/BarakChamo/boxer/cmd/boxer/main.go:75.36,77.11 2 0
github.com/BarakChamo/boxer/cmd/boxer/main.go:78.30,80.11 2 0
github.com/BarakChamo/boxer/cmd/boxer/main.go:81.14,82.21 1 0
github.com/BarakChamo/boxer/cmd/boxer/main.go:82.21,85.4 2 0
github.com/BarakChamo/boxer/cmd/boxer/main.go:86.3,86.63 1 0
github.com/BarakChamo/boxer/cmd/boxer/main.go:87.13,90.40 3 0
github.com/BarakChamo/boxer/cmd/boxer/main.go:90.40,92.4 1 0
github.com/BarakChamo/boxer/cmd/boxer/main.go:93.3,94.48 2 0
github.com/BarakChamo/boxer/cmd/boxer/main.go:94.48,97.4 2 0
github.com/BarakChamo/boxer/cmd/boxer/main.go:98.3,98.11 1 0
github.com/BarakChamo/boxer/cmd/boxer/main.go:99.14,100.39 1 0
github.com/BarakChamo/boxer/cmd/boxer/main.go:101.17,102.42 1 0
github.com/BarakChamo/boxer/cmd/boxer/main.go:103.17,104.42 1 1
github.com/BarakChamo/boxer/cmd/boxer/main.go:105.12,106.37 1 1
github.com/BarakChamo/boxer/cmd/boxer/main.go:107.12,108.37 1 1
github.com/BarakChamo/boxer/cmd/boxer/main.go:109.47,110.50 1 14
github.com/BarakChamo/boxer/cmd/boxer/main.go:111.22,112.53 1 0
github.com/BarakChamo/boxer/cmd/boxer/main.go:113.10,115.11 2 0
github.com/BarakChamo/boxer/cmd/boxer/main.go:120.85,127.2 6 14
github.com/BarakChamo/boxer/cmd/boxer/main.go:129.87,138.39 9 14
github.com/BarakChamo/boxer/cmd/boxer/main.go:138.39,140.3 1 0
github.com/BarakChamo/boxer/cmd/boxer/main.go:143.2,143.39 1 14
github.com/BarakChamo/boxer/cmd/boxer/main.go:143.39,144.53 1 1
github.com/BarakChamo/boxer/cmd/boxer/main.go:144.53,148.4 3 0
github.com/BarakChamo/boxer/cmd/boxer/main.go:149.3,149.77 1 1
github.com/BarakChamo/boxer/cmd/boxer/main.go:149.77,151.4 1 0
github.com/BarakChamo/boxer/cmd/boxer/main.go:152.3,152.11 1 1
github.com/BarakChamo/boxer/cmd/boxer/main.go:154.2,155.21 2 13
github.com/BarakChamo/boxer/cmd/boxer/main.go:155.21,157.31 2 4
github.com/BarakChamo/boxer/cmd/boxer/main.go:157.31,159.4 1 3
github.com/BarakChamo/boxer/cmd/boxer/main.go:160.3,160.32 1 1
github.com/BarakChamo/boxer/cmd/boxer/main.go:162.2,162.16 1 9
github.com/BarakChamo/boxer/cmd/boxer/main.go:162.16,166.3 3 0
github.com/BarakChamo/boxer/cmd/boxer/main.go:167.2,167.13 1 9
github.com/BarakChamo/boxer/cmd/boxer/main.go:168.16,169.47 1 5
github.com/BarakChamo/boxer/cmd/boxer/main.go:170.12,171.32 1 2
github.com/BarakChamo/boxer/cmd/boxer/main.go:171.32,173.4 1 0
github.com/BarakChamo/boxer/cmd/boxer/main.go:174.3,174.14 1 2
github.com/BarakChamo/boxer/cmd/boxer/main.go:174.14,175.41 1 0
github.com/BarakChamo/boxer/cmd/boxer/main.go:175.41,178.5 2 0
github.com/BarakChamo/boxer/cmd/boxer/main.go:179.4,180.12 2 0
github.com/BarakChamo/boxer/cmd/boxer/main.go:182.3,183.17 2 2
github.com/BarakChamo/boxer/cmd/boxer/main.go:183.17,186.4 2 0
github.com/BarakChamo/boxer/cmd/boxer/main.go:187.3,189.14 3 2
github.com/BarakChamo/boxer/cmd/boxer/main.go:189.14,191.4 1 2
github.com/BarakChamo/boxer/cmd/boxer/main.go:192.3,193.11 2 2
github.com/BarakChamo/boxer/cmd/boxer/main.go:194.14,195.11 1 2
github.com/BarakChamo/boxer/cmd/boxer/main.go:195.11,197.4 1 0
github.com/BarakChamo/boxer/cmd/boxer/main.go:198.3,199.34 2 2
github.com/BarakChamo/boxer/cmd/boxer/main.go:199.34,202.4 2 0
github.com/BarakChamo/boxer/cmd/boxer/main.go:203.3,203.76 1 2
github.com/BarakChamo/boxer/cmd/boxer/main.go:203.76,205.4 1 2
github.com/BarakChamo/boxer/cmd/boxer/main.go:206.3,206.15 1 0
github.com/BarakChamo/boxer/cmd/boxer/main.go:206.15,209.4 2 0
github.com/BarakChamo/boxer/cmd/boxer/main.go:210.3,211.11 2 0
github.com/BarakChamo/boxer/cmd/boxer/main.go:212.13,214.23 2 0
github.com/BarakChamo/boxer/cmd/boxer/main.go:214.23,215.21 1 0
github.com/BarakChamo/boxer/cmd/boxer/main.go:215.21,218.5 2 0
github.com/BarakChamo/boxer/cmd/boxer/main.go:219.4,219.43 1 0
github.com/BarakChamo/boxer/cmd/boxer/main.go:221.3,221.21 1 0
github.com/BarakChamo/boxer/cmd/boxer/main.go:221.21,224.4 2 0
github.com/BarakChamo/boxer/cmd/boxer/main.go:225.3,225.18 1 0
github.com/BarakChamo/boxer/cmd/boxer/main.go:225.18,227.4 1 0
github.com/BarakChamo/boxer/cmd/boxer/main.go:228.3,230.17 3 0
github.com/BarakChamo/boxer/cmd/boxer/main.go:230.17,231.18 1 0
github.com/BarakChamo/boxer/cmd/boxer/main.go:231.18,234.5 2 0
github.com/BarakChamo/boxer/cmd/boxer/main.go:235.4,236.15 2 0
github.com/BarakChamo/boxer/cmd/boxer/main.go:238.3,238.14 1 0
github.com/BarakChamo/boxer/cmd/boxer/main.go:240.2,240.10 1 0
github.com/BarakChamo/boxer/cmd/boxer/main.go:243.76,246.32 3 0
github.com/BarakChamo/boxer/cmd/boxer/main.go:246.32,247.42 1 0
github.com/BarakChamo/boxer/cmd/boxer/main.go:247.42,249.4 1 0
github.com/BarakChamo/boxer/cmd/boxer/main.go:250.3,251.13 2 0
github.com/BarakChamo/boxer/cmd/boxer/main.go:253.2,253.10 1 0
github.com/BarakChamo/boxer/cmd/boxer/main.go:256.34,259.2 2 0
github.com/BarakChamo/boxer/cmd/boxer/main.go:263.49,264.13 1 14
github.com/BarakChamo/boxer/cmd/boxer/main.go:264.13,266.3 1 1
github.com/BarakChamo/boxer/cmd/boxer/main.go:267.2,269.38 3 13
github.com/BarakChamo/boxer/cmd/boxer/main.go:269.38,271.3 1 0
github.com/BarakChamo/boxer/cmd/boxer/main.go:272.2,272.13 1 13
github.com/BarakChamo/boxer/cmd/boxer/main.go:287.43,293.2 1 4
github.com/BarakChamo/boxer/cmd/boxer/main.go:295.40,297.16 2 9
github.com/BarakChamo/boxer/cmd/boxer/main.go:297.16,299.3 1 9
github.com/BarakChamo/boxer/cmd/boxer/main.go:300.2,301.11 2 0
github.com/BarakChamo/boxer/cmd/boxer/main.go:328.71,330.16 2 5
github.com/BarakChamo/boxer/cmd/boxer/main.go:330.16,333.3 2 0
github.com/BarakChamo/boxer/cmd/boxer/main.go:334.2,340.8 4 5
github.com/BarakChamo/boxer/cmd/boxer/main.go:340.8,342.22 2 3
github.com/BarakChamo/boxer/cmd/boxer/main.go:342.22,344.4 1 0
github.com/BarakChamo/boxer/cmd/boxer/main.go:345.3,346.18 2 3
github.com/BarakChamo/boxer/cmd/boxer/main.go:346.18,348.4 1 2
github.com/BarakChamo/boxer/cmd/boxer/main.go:350.2,350.29 1 5
github.com/BarakChamo/boxer/cmd/boxer/main.go:350.29,352.3 1 5
github.com/BarakChamo/boxer/cmd/boxer/main.go:353.2,353.9 1 0
github.com/BarakChamo/boxer/cmd/boxer/main.go:353.9,355.3 1 0
github.com/BarakChamo/boxer/cmd/boxer/main.go:355.8,357.3 1 0
github.com/BarakChamo/boxer/cmd/boxer/main.go:358.2,358.13 1 0
github.com/BarakChamo/boxer/cmd/boxer/main.go:396.41,398.2 1 4
github.com/BarakChamo/boxer/cmd/boxer/main.go:408.47,410.25 2 0
github.com/BarakChamo/boxer/cmd/boxer/main.go:410.25,412.3 1 0
github.com/BarakChamo/boxer/cmd/boxer/main.go:413.2,413.61 1 0
github.com/BarakChamo/boxer/cmd/boxer/main.go:432.35,433.19 1 3
github.com/BarakChamo/boxer/cmd/boxer/main.go:433.19,435.3 1 0
github.com/BarakChamo/boxer/cmd/boxer/main.go:436.2,436.10 1 3
github.com/BarakChamo/boxer/cmd/boxer/main.go:439.64,442.14 3 4
github.com/BarakChamo/boxer/cmd/boxer/main.go:442.14,444.3 1 4
github.com/BarakChamo/boxer/cmd/boxer/main.go:445.2,445.44 1 4
github.com/BarakChamo/boxer/cmd/boxer/main.go:445.44,447.3 1 0
github.com/BarakChamo/boxer/cmd/boxer/main.go:447.8,449.3 1 4
github.com/BarakChamo/boxer/cmd/boxer/main.go:450.2,451.23 2 4
github.com/BarakChamo/boxer/cmd/boxer/main.go:451.23,453.3 1 0
github.com/BarakChamo/boxer/cmd/boxer/main.go:454.2,454.14 1 4
github.com/BarakChamo/boxer/cmd/boxer/main.go:454.14,456.3 1 0
github.com/BarakChamo/boxer/cmd/boxer/main.go:457.2,458.26 2 4
github.com/BarakChamo/boxer/cmd/boxer/main.go:458.26,460.3 1 4
github.com/BarakChamo/boxer/cmd/boxer/main.go:461.2,469.4 2 4
github.com/BarakChamo/boxer/cmd/boxer/main.go:469.4,471.16 2 60
github.com/BarakChamo/boxer/cmd/boxer/main.go:471.16,473.4 1 56
github.com/BarakChamo/boxer/cmd/boxer/main.go:474.3,474.68 1 60
github.com/BarakChamo/boxer/cmd/boxer/main.go:476.2,476.23 1 4
github.com/BarakChamo/boxer/cmd/boxer/main.go:476.23,478.3 1 0
github.com/BarakChamo/boxer/cmd/boxer/main.go:479.2,481.33 3 4
github.com/BarakChamo/boxer/cmd/boxer/main.go:481.33,483.3 1 0
github.com/BarakChamo/boxer/cmd/boxer/main.go:484.2,484.42 1 4
github.com/BarakChamo/boxer/cmd/boxer/main.go:484.42,486.3 1 0
github.com/BarakChamo/boxer/cmd/boxer/main.go:486.8,486.15 1 4
github.com/BarakChamo/boxer/cmd/boxer/main.go:486.15,489.3 2 3
github.com/BarakChamo/boxer/cmd/boxer/main.go:490.2,490.64 1 4
github.com/BarakChamo/boxer/cmd/boxer/main.go:490.64,492.37 2 4
github.com/BarakChamo/boxer/cmd/boxer/main.go:492.37,493.16 1 72
github.com/BarakChamo/boxer/cmd/boxer/main.go:493.16,494.13 1 0
github.com/BarakChamo/boxer/cmd/boxer/main.go:496.4,497.34 2 72
github.com/BarakChamo/boxer/cmd/boxer/main.go:497.34,499.5 1 0
github.com/BarakChamo/boxer/cmd/boxer/main.go:499.10,499.25 1 72
github.com/BarakChamo/boxer/cmd/boxer/main.go:499.25,501.5 1 36
github.com/BarakChamo/boxer/cmd/boxer/main.go:503.3,503.15 1 4
github.com/BarakChamo/boxer/cmd/boxer/main.go:505.2,508.44 4 4
github.com/BarakChamo/boxer/cmd/boxer/main.go:508.44,509.40 1 1
github.com/BarakChamo/boxer/cmd/boxer/main.go:509.40,511.4 1 1
github.com/BarakChamo/boxer/cmd/boxer/main.go:513.2,513.10 1 4
github.com/BarakChamo/boxer/cmd/boxer/main.go:516.47,518.19 2 4
github.com/BarakChamo/boxer/cmd/boxer/main.go:518.19,520.3 1 1
github.com/BarakChamo/boxer/cmd/boxer/main.go:521.2,522.13 2 4
github.com/BarakChamo/boxer/cmd/boxer/main.go:525.52,527.14 2 1
github.com/BarakChamo/boxer/cmd/boxer/main.go:527.14,529.3 1 0
github.com/BarakChamo/boxer/cmd/boxer/main.go:530.2,530.25 1 1
github.com/BarakChamo/boxer/cmd/boxer/main.go:530.25,532.3 1 0
github.com/BarakChamo/boxer/cmd/boxer/main.go:532.8,534.3 1 1
github.com/BarakChamo/boxer/cmd/boxer/main.go:535.2,535.23 1 1
github.com/BarakChamo/boxer/cmd/boxer/main.go:535.23,537.3 1 1
github.com/BarakChamo/boxer/cmd/boxer/main.go:537.8,539.3 1 0
github.com/BarakChamo/boxer/cmd/boxer/main.go:540.2,540.17 1 1
github.com/BarakChamo/boxer/cmd/boxer/main.go:540.17,543.3 2 0
github.com/BarakChamo/boxer/cmd/boxer/main.go:544.2,544.18 1 1
github.com/BarakChamo/boxer/cmd/boxer/main.go:544.18,546.19 2 1
github.com/BarakChamo/boxer/cmd/boxer/main.go:546.19,548.4 1 0
github.com/BarakChamo/boxer/cmd/boxer/main.go:549.3,549.63 1 1
github.com/BarakChamo/boxer/cmd/boxer/main.go:551.2,552.31 2 1
github.com/BarakChamo/boxer/cmd/boxer/main.go:552.31,554.3 1 15
github.com/BarakChamo/boxer/cmd/boxer/main.go:555.2,555.19 1 1
github.com/BarakChamo/boxer/cmd/boxer/main.go:555.19,558.3 2 0
github.com/BarakChamo/boxer/cmd/boxer/main.go:559.2,561.26 3 1
github.com/BarakChamo/boxer/cmd/boxer/main.go:561.26,563.3 1 0
github.com/BarakChamo/boxer/cmd/boxer/main.go:564.2,564.9 1 1
github.com/BarakChamo/boxer/cmd/boxer/main.go:565.28,566.55 1 0
github.com/BarakChamo/boxer/cmd/boxer/main.go:567.24,568.94 1 0
github.com/BarakChamo/boxer/cmd/boxer/main.go:569.10,570.80 1 1
github.com/BarakChamo/boxer/cmd/boxer/main.go:572.2,572.20 1 1
github.com/BarakChamo/boxer/cmd/boxer/main.go:572.20,574.31 2 1
github.com/BarakChamo/boxer/cmd/boxer/main.go:574.31,576.4 1 1
github.com/BarakChamo/boxer/cmd/boxer/main.go:577.3,577.18 1 1
github.com/BarakChamo/boxer/cmd/boxer/main.go:579.2,579.24 1 1
github.com/BarakChamo/boxer/cmd/boxer/main.go:579.24,581.31 2 1
github.com/BarakChamo/boxer/cmd/boxer/main.go:581.31,583.4 1 8
github.com/BarakChamo/boxer/cmd/boxer/main.go:584.3,584.28 1 1
github.com/BarakChamo/boxer/cmd/boxer/main.go:584.28,586.4 1 1
github.com/BarakChamo/boxer/cmd/boxer/main.go:588.2,588.32 1 1
github.com/BarakChamo/boxer/cmd/boxer/main.go:588.32,590.3 1 0
github.com/BarakChamo/boxer/cmd/boxer/main.go:591.2,591.10 1 1
github.com/BarakChamo/boxer/cmd/boxer/main.go:594.24,595.7 1 56
github.com/BarakChamo/boxer/cmd/boxer/main.go:595.7,597.3 1 34
github.com/BarakChamo/boxer/cmd/boxer/main.go:598.2,598.12 1 22
github.com/BarakChamo/boxer/cmd/boxer/main.go:601.31,604.2 2 36
github.com/BarakChamo/boxer/cmd/boxer/main.go:606.57,610.39 4 1
github.com/BarakChamo/boxer/cmd/boxer/main.go:610.39,612.3 1 0
github.com/BarakChamo/boxer/cmd/boxer/main.go:613.2,614.16 2 1
github.com/BarakChamo/boxer/cmd/boxer/main.go:614.16,617.3 2 0
github.com/BarakChamo/boxer/cmd/boxer/main.go:618.2,618.37 1 1
github.com/BarakChamo/boxer/cmd/boxer/main.go:618.37,618.71 1 0
github.com/BarakChamo/boxer/cmd/boxer/main.go:619.2,620.23 2 1
github.com/BarakChamo/boxer/cmd/boxer/main.go:620.23,622.3 1 1
github.com/BarakChamo/boxer/cmd/boxer/main.go:623.2,623.33 1 1
github.com/BarakChamo/boxer/cmd/boxer/main.go:623.33,625.3 1 1
github.com/BarakChamo/boxer/cmd/boxer/main.go:626.2,627.25 2 0
github.com/BarakChamo/boxer/cmd/boxer/main.go:627.25,629.3 1 0
github.com/BarakChamo/boxer/cmd/boxer/main.go:630.2,630.10 1 0
github.com/BarakChamo/boxer/cmd/boxer/main.go:642.57,647.39 5 1
github.com/BarakChamo/boxer/cmd/boxer/main.go:647.39,649.3 1 0
github.com/BarakChamo/boxer/cmd/boxer/main.go:650.2,652.16 3 1
github.com/BarakChamo/boxer/cmd/boxer/main.go:652.16,655.3 2 0
github.com/BarakChamo/boxer/cmd/boxer/main.go:658.2,660.16 3 1
github.com/BarakChamo/boxer/cmd/boxer/main.go:660.16,663.3 2 0
github.com/BarakChamo/boxer/cmd/boxer/main.go:664.2,665.57 2 1
github.com/BarakChamo/boxer/cmd/boxer/main.go:665.57,666.66 1 1
github.com/BarakChamo/boxer/cmd/boxer/main.go:666.66,669.4 2 0
github.com/BarakChamo/boxer/cmd/boxer/main.go:671.2,673.23 3 1
github.com/BarakChamo/boxer/cmd/boxer/main.go:673.23,676.42 3 1
github.com/BarakChamo/boxer/cmd/boxer/main.go:676.42,678.4 1 0
github.com/BarakChamo/boxer/cmd/boxer/main.go:678.9,678.97 1 1
github.com/BarakChamo/boxer/cmd/boxer/main.go:678.97,680.4 1 0
github.com/BarakChamo/boxer/cmd/boxer/main.go:681.3,681.19 1 1
github.com/BarakChamo/boxer/cmd/boxer/main.go:681.19,682.12 1 1
github.com/BarakChamo/boxer/cmd/boxer/main.go:684.3,685.11 2 0
github.com/BarakChamo/boxer/cmd/boxer/main.go:685.11,687.16 2 0
github.com/BarakChamo/boxer/cmd/boxer/main.go:687.16,689.5 1 0
github.com/BarakChamo/boxer/cmd/boxer/main.go:690.4,690.12 1 0
github.com/BarakChamo/boxer/cmd/boxer/main.go:692.3,692.47 1 0
github.com/BarakChamo/boxer/cmd/boxer/main.go:692.47,697.12 5 0
github.com/BarakChamo/boxer/cmd/boxer/main.go:699.3,701.15 3 0
github.com/BarakChamo/boxer/cmd/boxer/main.go:701.15,703.4 1 0
github.com/BarakChamo/boxer/cmd/boxer/main.go:705.2,705.45 1 1
github.com/BarakChamo/boxer/cmd/boxer/main.go:705.45,707.11 2 0
github.com/BarakChamo/boxer/cmd/boxer/main.go:707.11,709.16 2 0
github.com/BarakChamo/boxer/cmd/boxer/main.go:709.16,711.5 1 0
github.com/BarakChamo/boxer/cmd/boxer/main.go:712.4,712.12 1 0
github.com/BarakChamo/boxer/cmd/boxer/main.go:714.3,714.38 1 0
github.com/BarakChamo/boxer/cmd/boxer/main.go:714.38,719.12 5 0
github.com/BarakChamo/boxer/cmd/boxer/main.go:721.3,724.15 4 0
github.com/BarakChamo/boxer/cmd/boxer/main.go:724.15,726.4 1 0
github.com/BarakChamo/boxer/cmd/boxer/main.go:728.2,729.13 2 1
github.com/BarakChamo/boxer/cmd/boxer/main.go:732.75,734.16 2 0
github.com/BarakChamo/boxer/cmd/boxer/main.go:734.16,737.3 2 0
github.com/BarakChamo/boxer/cmd/boxer/main.go:738.2,739.23 2 0
github.com/BarakChamo/boxer/cmd/boxer/main.go:739.23,740.47 1 0
github.com/BarakChamo/boxer/cmd/boxer/main.go:740.47,743.4 2 0
github.com/BarakChamo/boxer/cmd/boxer/main.go:744.3,745.14 2 0
github.com/BarakChamo/boxer/cmd/boxer/main.go:745.14,747.4 1 0
github.com/BarakChamo/boxer/cmd/boxer/main.go:749.2,750.10 2 0
github.com/BarakChamo/boxer/cmd/boxer/main.go:756.39,756.71 1 0
github.com/BarakChamo/boxer/cmd/boxer/main.go:757.39,757.73 2 0
github.com/BarakChamo/boxer/cmd/boxer/main.go:760.91,765.20 5 0
github.com/BarakChamo/boxer/cmd/boxer/main.go:765.20,768.3 2 0
github.com/BarakChamo/boxer/cmd/boxer/main.go:769.2,770.43 2 0
github.com/BarakChamo/boxer/cmd/boxer/main.go:770.43,772.3 1 0
github.com/BarakChamo/boxer/cmd/boxer/main.go:773.2,775.16 3 0
github.com/BarakChamo/boxer/cmd/boxer/main.go:775.16,778.3 2 0
github.com/BarakChamo/boxer/cmd/boxer/main.go:779.2,781.16 3 0
github.com/BarakChamo/boxer/cmd/boxer/main.go:781.16,783.3 1 0
github.com/BarakChamo/boxer/cmd/boxer/main.go:784.2,784.13 1 0
github.com/BarakChamo/boxer/cmd/boxer/main.go:787.59,788.44 1 0
github.com/BarakChamo/boxer/cmd/boxer/main.go:788.44,791.3 2 0
github.com/BarakChamo/boxer/cmd/boxer/main.go:792.2,796.43 5 0
github.com/BarakChamo/boxer/cmd/boxer/main.go:796.43,798.3 1 0
github.com/BarakChamo/boxer/cmd/boxer/main.go:799.2,800.19 2 0
github.com/BarakChamo/boxer/cmd/boxer/main.go:800.19,802.3 1 0
github.com/BarakChamo/boxer/cmd/boxer/main.go:803.2,803.12 1 0
github.com/BarakChamo/boxer/cmd/boxer/main.go:803.12,805.17 2 0
github.com/BarakChamo/boxer/cmd/boxer/main.go:805.17,808.4 2 0
github.com/BarakChamo/boxer/cmd/boxer/main.go:809.3,810.11 2 0
github.com/BarakChamo/boxer/cmd/boxer/main.go:812.2,812.22 1 0
github.com/BarakChamo/boxer/cmd/boxer/main.go:812.22,814.52 2 0
github.com/BarakChamo/boxer/cmd/boxer/main.go:814.52,816.11 2 0
github.com/BarakChamo/boxer/cmd/boxer/main.go:816.11,819.5 2 0
github.com/BarakChamo/boxer/cmd/boxer/main.go:820.4,820.32 1 0
github.com/BarakChamo/boxer/cmd/boxer/main.go:822.3,823.17 2 0
github.com/BarakChamo/boxer/cmd/boxer/main.go:823.17,826.4 2 0
github.com/BarakChamo/boxer/cmd/boxer/main.go:827.3,828.11 2 0
github.com/BarakChamo/boxer/cmd/boxer/main.go:830.2,831.16 2 0
github.com/BarakChamo/boxer/cmd/boxer/main.go:831.16,834.3 2 0
github.com/BarakChamo/boxer/cmd/boxer/main.go:835.2,836.16 2 0
github.com/BarakChamo/boxer/cmd/boxer/main.go:836.16,839.3 2 0
github.com/BarakChamo/boxer/cmd/boxer/main.go:840.2,841.10 2 0
github.com/BarakChamo/boxer/cmd/boxer/main.go:844.62,849.33 4 0
github.com/BarakChamo/boxer/cmd/boxer/main.go:849.33,850.38 1 0
github.com/BarakChamo/boxer/cmd/boxer/main.go:850.38,852.58 2 0
github.com/BarakChamo/boxer/cmd/boxer/main.go:852.58,855.5 2 0
github.com/BarakChamo/boxer/cmd/boxer/main.go:856.4,856.12 1 0
github.com/BarakChamo/boxer/cmd/boxer/main.go:858.3,858.29 1 0
github.com/BarakChamo/boxer/cmd/boxer/main.go:860.2,860.57 1 0
github.com/BarakChamo/boxer/cmd/boxer/main.go:860.57,863.3 2 0
github.com/BarakChamo/boxer/cmd/boxer/main.go:864.2,866.16 3 0
github.com/BarakChamo/boxer/cmd/boxer/main.go:866.16,869.3 2 0
github.com/BarakChamo/boxer/cmd/boxer/main.go:870.2,871.21 2 0
github.com/BarakChamo/boxer/cmd/boxer/main.go:871.21,873.3 1 0
github.com/BarakChamo/boxer/cmd/boxer/main.go:874.2,874.26 1 0
github.com/BarakChamo/boxer/cmd/boxer/main.go:874.26,876.26 2 0
github.com/BarakChamo/boxer/cmd/boxer/main.go:876.26,878.4 1 0
github.com/BarakChamo/boxer/cmd/boxer/main.go:879.3,880.17 2 0
github.com/BarakChamo/boxer/cmd/boxer/main.go:880.17,883.4 2 0
github.com/BarakChamo/boxer/cmd/boxer/main.go:884.3,884.66 1 0
github.com/BarakChamo/boxer/cmd/boxer/main.go:886.2,886.10 1 0
github.com/BarakChamo/boxer/cmd/boxer/main.go:889.62,894.25 5 1
github.com/BarakChamo/boxer/cmd/boxer/main.go:894.25,895.32 1 1
github.com/BarakChamo/boxer/cmd/boxer/main.go:895.32,897.4 1 0
github.com/BarakChamo/boxer/cmd/boxer/main.go:897.9,899.4 1 1
github.com/BarakChamo/boxer/cmd/boxer/main.go:901.2,901.57 1 1
github.com/BarakChamo/boxer/cmd/boxer/main.go:901.57,904.3 2 0
github.com/BarakChamo/boxer/cmd/boxer/main.go:905.2,906.24 2 1
github.com/BarakChamo/boxer/cmd/boxer/main.go:906.24,909.3 2 0
github.com/BarakChamo/boxer/cmd/boxer/main.go:910.2,911.16 2 1
github.com/BarakChamo/boxer/cmd/boxer/main.go:911.16,914.3 2 0
github.com/BarakChamo/boxer/cmd/boxer/main.go:915.2,915.21 1 1
github.com/BarakChamo/boxer/cmd/boxer/main.go:915.21,917.17 2 0
github.com/BarakChamo/boxer/cmd/boxer/main.go:917.17,920.4 2 0
github.com/BarakChamo/boxer/cmd/boxer/main.go:921.3,922.29 2 0
github.com/BarakChamo/boxer/cmd/boxer/main.go:922.29,924.4 1 0
github.com/BarakChamo/boxer/cmd/boxer/main.go:925.3,925.11 1 0
github.com/BarakChamo/boxer/cmd/boxer/main.go:927.2,928.21 2 1
github.com/BarakChamo/boxer/cmd/boxer/main.go:928.21,930.12 2 0
github.com/BarakChamo/boxer/cmd/boxer/main.go:930.12,932.4 1 0
github.com/BarakChamo/boxer/cmd/boxer/main.go:934.2,935.26 2 1
github.com/BarakChamo/boxer/cmd/boxer/main.go:935.26,937.12 2 1
github.com/BarakChamo/boxer/cmd/boxer/main.go:937.12,939.4 1 0
github.com/BarakChamo/boxer/cmd/boxer/main.go:939.9,941.4 1 1
github.com/BarakChamo/boxer/cmd/boxer/main.go:942.3,942.17 1 1
github.com/BarakChamo/boxer/cmd/boxer/main.go:942.17,945.12 3 0
github.com/BarakChamo/boxer/cmd/boxer/main.go:947.3,948.31 2 1
github.com/BarakChamo/boxer/cmd/boxer/main.go:948.31,950.96 2 4
github.com/BarakChamo/boxer/cmd/boxer/main.go:950.96,952.5 1 4
github.com/BarakChamo/boxer/cmd/boxer/main.go:953.4,953.46 1 4
github.com/BarakChamo/boxer/cmd/boxer/main.go:955.3,955.29 1 1
github.com/BarakChamo/boxer/cmd/boxer/main.go:955.29,957.4 1 1
github.com/BarakChamo/boxer/cmd/boxer/main.go:959.2,959.13 1 1
github.com/BarakChamo/boxer/cmd/boxer/main.go:963.33,966.36 3 2
github.com/BarakChamo/boxer/cmd/boxer/main.go:966.36,968.3 1 0
github.com/BarakChamo/boxer/cmd/boxer/main.go:969.2,969.46 1 2
github.com/BarakChamo/boxer/internal/mcp/mcp.go:74.56,79.16 5 7
github.com/BarakChamo/boxer/internal/mcp/mcp.go:79.16,81.21 2 13
github.com/BarakChamo/boxer/internal/mcp/mcp.go:81.21,82.12 1 0
github.com/BarakChamo/boxer/internal/mcp/mcp.go:84.3,85.52 2 13
github.com/BarakChamo/boxer/internal/mcp/mcp.go:85.52,87.12 2 0
github.com/BarakChamo/boxer/internal/mcp/mcp.go:89.3,89.20 1 13
github.com/BarakChamo/boxer/internal/mcp/mcp.go:89.20,90.12 1 1
github.com/BarakChamo/boxer/internal/mcp/mcp.go:92.3,93.41 2 12
github.com/BarakChamo/boxer/internal/mcp/mcp.go:93.41,95.4 1 0
github.com/BarakChamo/boxer/internal/mcp/mcp.go:97.2,97.17 1 7
github.com/BarakChamo/boxer/internal/mcp/mcp.go:100.47,102.20 2 12
github.com/BarakChamo/boxer/internal/mcp/mcp.go:103.20,109.4 2 4
github.com/BarakChamo/boxer/internal/mcp/mcp.go:110.14,111.32 1 0
github.com/BarakChamo/boxer/internal/mcp/mcp.go:112.20,113.46 1 1
github.com/BarakChamo/boxer/internal/mcp/mcp.go:114.20,119.56 2 6
github.com/BarakChamo/boxer/internal/mcp/mcp.go:119.56,122.4 2 0
github.com/BarakChamo/boxer/internal/mcp/mcp.go:123.3,124.109 2 6
github.com/BarakChamo/boxer/internal/mcp/mcp.go:125.10,126.67 1 1
github.com/BarakChamo/boxer/internal/mcp/mcp.go:128.2,128.12 1 12
github.com/BarakChamo/boxer/internal/mcp/mcp.go:134.33,136.54 2 4
github.com/BarakChamo/boxer/internal/mcp/mcp.go:136.54,138.3 1 2
github.com/BarakChamo/boxer/internal/mcp/mcp.go:141.2,141.67 1 2
github.com/BarakChamo/boxer/internal/mcp/mcp.go:141.67,143.3 1 1
github.com/BarakChamo/boxer/internal/mcp/mcp.go:145.2,145.39 1 1
github.com/BarakChamo/boxer/internal/mcp/mcp.go:145.39,147.3 1 0
github.com/BarakChamo/boxer/internal/mcp/mcp.go:152.31,154.54 2 7
github.com/BarakChamo/boxer/internal/mcp/mcp.go:154.54,156.3 1 5
github.com/BarakChamo/boxer/internal/mcp/mcp.go:157.2,159.36 3 2
github.com/BarakChamo/boxer/internal/mcp/mcp.go:159.36,162.3 2 2
github.com/BarakChamo/boxer/internal/mcp/mcp.go:168.64,170.29 2 6
github.com/BarakChamo/boxer/internal/mcp/mcp.go:170.29,172.3 1 4
github.com/BarakChamo/boxer/internal/mcp/mcp.go:173.2,174.17 2 2
github.com/BarakChamo/boxer/internal/mcp/mcp.go:174.17,176.3 1 0
github.com/BarakChamo/boxer/internal/mcp/mcp.go:177.2,177.80 1 2
github.com/BarakChamo/boxer/internal/mcp/mcp.go:177.80,179.75 2 1
github.com/BarakChamo/boxer/internal/mcp/mcp.go:179.75,181.4 1 1
github.com/BarakChamo/boxer/internal/mcp/mcp.go:183.2,183.104 1 1
github.com/BarakChamo/boxer/internal/mcp/mcp.go:186.72,189.16 3 6
github.com/BarakChamo/boxer/internal/mcp/mcp.go:189.16,191.3 1 0
github.com/BarakChamo/boxer/internal/mcp/mcp.go:192.2,192.14 1 6
github.com/BarakChamo/boxer/internal/mcp/mcp.go:193.22,195.17 2 1
github.com/BarakChamo/boxer/internal/mcp/mcp.go:195.17,197.4 1 0
github.com/BarakChamo/boxer/internal/mcp/mcp.go:198.3,199.10 2 1
github.com/BarakChamo/boxer/internal/mcp/mcp.go:199.10,201.4 1 1
github.com/BarakChamo/boxer/internal/mcp/mcp.go:202.3,202.172 1 0
github.com/BarakChamo/boxer/internal/mcp/mcp.go:203.19,205.35 2 5
github.com/BarakChamo/boxer/internal/mcp/mcp.go:205.35,207.4 1 0
github.com/BarakChamo/boxer/internal/mcp/mcp.go:208.3,211.17 4 5
github.com/BarakChamo/boxer/internal/mcp/mcp.go:211.17,213.4 1 0
github.com/BarakChamo/boxer/internal/mcp/mcp.go:214.3,214.102 1 5
github.com/BarakChamo/boxer/internal/mcp/mcp.go:215.10,216.38 1 0
github.com/BarakChamo/boxer/internal/hook/hook.go:113.91,115.9 2 26
github.com/BarakChamo/boxer/internal/hook/hook.go:115.9,118.3 2 1
github.com/BarakChamo/boxer/internal/hook/hook.go:119.2,119.17 1 25
github.com/BarakChamo/boxer/internal/hook/hook.go:119.17,121.3 1 2
github.com/BarakChamo/boxer/internal/hook/hook.go:122.2,123.52 2 23
github.com/BarakChamo/boxer/internal/hook/hook.go:123.52,125.91 1 0
github.com/BarakChamo/boxer/internal/hook/hook.go:125.91,129.4 3 0
github.com/BarakChamo/boxer/internal/hook/hook.go:131.2,132.49 2 23
github.com/BarakChamo/boxer/internal/hook/hook.go:132.49,135.3 2 1
github.com/BarakChamo/boxer/internal/hook/hook.go:136.2,137.19 2 22
github.com/BarakChamo/boxer/internal/hook/hook.go:137.19,139.3 1 0
github.com/BarakChamo/boxer/internal/hook/hook.go:140.2,141.16 2 22
github.com/BarakChamo/boxer/internal/hook/hook.go:141.16,143.33 1 1
github.com/BarakChamo/boxer/internal/hook/hook.go:143.33,145.4 1 0
github.com/BarakChamo/boxer/internal/hook/hook.go:146.3,146.104 1 1
github.com/BarakChamo/boxer/internal/hook/hook.go:146.104,148.4 1 1
github.com/BarakChamo/boxer/internal/hook/hook.go:149.3,149.11 1 0
github.com/BarakChamo/boxer/internal/hook/hook.go:151.2,151.17 1 21
github.com/BarakChamo/boxer/internal/hook/hook.go:152.19,153.45 1 15
github.com/BarakChamo/boxer/internal/hook/hook.go:154.41,155.68 1 5
github.com/BarakChamo/boxer/internal/hook/hook.go:156.38,157.43 1 1
github.com/BarakChamo/boxer/internal/hook/hook.go:157.43,158.35 1 1
github.com/BarakChamo/boxer/internal/hook/hook.go:158.35,160.5 1 0
github.com/BarakChamo/boxer/internal/hook/hook.go:162.3,162.11 1 1
github.com/BarakChamo/boxer/internal/hook/hook.go:164.2,164.10 1 0
github.com/BarakChamo/boxer/internal/hook/hook.go:167.79,168.32 1 15
github.com/BarakChamo/boxer/internal/hook/hook.go:168.32,170.3 1 2
github.com/BarakChamo/boxer/internal/hook/hook.go:171.2,173.64 3 13
github.com/BarakChamo/boxer/internal/hook/hook.go:173.64,176.3 2 0
github.com/BarakChamo/boxer/internal/hook/hook.go:177.2,177.20 1 13
github.com/BarakChamo/boxer/internal/hook/hook.go:178.20,179.11 1 1
github.com/BarakChamo/boxer/internal/hook/hook.go:180.22,181.17 1 9
github.com/BarakChamo/boxer/internal/hook/hook.go:181.17,183.66 1 2
github.com/BarakChamo/boxer/internal/hook/hook.go:183.66,185.5 1 1
github.com/BarakChamo/boxer/internal/hook/hook.go:186.4,186.102 1 1
github.com/BarakChamo/boxer/internal/hook/hook.go:188.3,188.72 1 7
github.com/BarakChamo/boxer/internal/hook/hook.go:189.10,190.63 1 3
github.com/BarakChamo/boxer/internal/hook/hook.go:196.50,198.62 2 11
github.com/BarakChamo/boxer/internal/hook/hook.go:198.62,200.3 1 10
github.com/BarakChamo/boxer/internal/hook/hook.go:201.2,201.94 1 1
github.com/BarakChamo/boxer/internal/hook/hook.go:204.92,206.31 2 5
github.com/BarakChamo/boxer/internal/hook/hook.go:206.31,208.3 1 0
github.com/BarakChamo/boxer/internal/hook/hook.go:209.2,209.60 1 5
github.com/BarakChamo/boxer/internal/hook/hook.go:209.60,212.40 1 1
github.com/BarakChamo/boxer/internal/hook/hook.go:212.40,214.4 1 0
github.com/BarakChamo/boxer/internal/hook/hook.go:215.8,215.48 1 4
github.com/BarakChamo/boxer/internal/hook/hook.go:215.48,216.50 1 4
github.com/BarakChamo/boxer/internal/hook/hook.go:216.50,219.4 2 0
github.com/BarakChamo/boxer/internal/hook/hook.go:221.2,221.32 1 5
github.com/BarakChamo/boxer/internal/hook/hook.go:221.32,223.3 1 4
github.com/BarakChamo/boxer/internal/hook/hook.go:224.2,224.10 1 1
github.com/BarakChamo/boxer/internal/hook/hook.go:232.79,234.29 2 7
github.com/BarakChamo/boxer/internal/hook/hook.go:234.29,236.3 1 10
github.com/BarakChamo/boxer/internal/hook/hook.go:237.2,238.18 2 7
github.com/BarakChamo/boxer/internal/hook/hook.go:239.18,240.49 1 1
github.com/BarakChamo/boxer/internal/hook/hook.go:241.16,243.57 1 1
github.com/BarakChamo/boxer/internal/hook/hook.go:244.10,246.90 1 5
github.com/BarakChamo/boxer/internal/hook/hook.go:250.59,252.15 2 5
github.com/BarakChamo/boxer/internal/hook/hook.go:252.15,254.3 1 4
github.com/BarakChamo/boxer/internal/hook/hook.go:255.2,255.18 1 5
github.com/BarakChamo/boxer/internal/hook/hook.go:256.18,257.46 1 1
github.com/BarakChamo/boxer/internal/hook/hook.go:258.16,259.68 1 1
github.com/BarakChamo/boxer/internal/hook/hook.go:260.10,262.99 1 3
github.com/BarakChamo/boxer/internal/hook/hook.go:269.62,270.28 1 4
github.com/BarakChamo/boxer/internal/hook/hook.go:270.28,272.3 1 0
github.com/BarakChamo/boxer/internal/hook/hook.go:273.2,274.26 2 4
github.com/BarakChamo/boxer/internal/hook/hook.go:274.26,276.3 1 1
github.com/BarakChamo/boxer/internal/hook/hook.go:277.2,277.59 1 4
github.com/BarakChamo/boxer/internal/hook/hook.go:280.35,284.2 3 16
github.com/BarakChamo/boxer/internal/hook/hook.go:288.51,289.91 1 0
github.com/BarakChamo/boxer/internal/hook/hook.go:289.91,292.3 2 0
github.com/BarakChamo/boxer/internal/hook/hook.go:293.2,293.20 1 0
github.com/BarakChamo/boxer/internal/hook/hook.go:297.21,297.73 1 0
github.com/BarakChamo/boxer/internal/hook/hook.go:299.23,301.26 2 1
github.com/BarakChamo/boxer/internal/hook/hook.go:301.26,303.3 1 8
github.com/BarakChamo/boxer/internal/hook/hook.go:304.2,304.12 1 1
github.com/BarakChamo/boxer/internal/hook/signals.go:23.55,25.29 2 2
github.com/BarakChamo/boxer/internal/hook/signals.go:25.29,26.36 1 16
github.com/BarakChamo/boxer/internal/hook/signals.go:26.36,27.31 1 64
github.com/BarakChamo/boxer/internal/hook/signals.go:27.31,28.21 1 155
github.com/BarakChamo/boxer/internal/hook/signals.go:28.21,30.6 1 54
github.com/BarakChamo/boxer/internal/hook/signals.go:32.4,32.16 1 10
github.com/BarakChamo/boxer/internal/hook/signals.go:34.3,37.50 3 16
github.com/BarakChamo/boxer/internal/hook/signals.go:37.50,39.4 1 3
github.com/BarakChamo/boxer/internal/hook/signals.go:40.3,40.69 1 16
github.com/BarakChamo/boxer/internal/hook/signals.go:40.69,42.4 1 0
github.com/BarakChamo/boxer/internal/hook/signals.go:43.3,43.23 1 16
github.com/BarakChamo/boxer/internal/hook/signals.go:45.2,45.38 1 2
github.com/BarakChamo/boxer/internal/hook/signals.go:45.38,45.80 1 43
github.com/BarakChamo/boxer/internal/hook/signals.go:46.2,46.12 1 2
github.com/BarakChamo/boxer/internal/shim/shim.go:22.63,23.48 1 1
github.com/BarakChamo/boxer/internal/shim/shim.go:23.48,25.3 1 0
github.com/BarakChamo/boxer/internal/shim/shim.go:26.2,27.29 2 1
github.com/BarakChamo/boxer/internal/shim/shim.go:27.29,28.86 1 5
github.com/BarakChamo/boxer/internal/shim/shim.go:28.86,29.12 1 4
github.com/BarakChamo/boxer/internal/shim/shim.go:31.3,32.85 2 1
github.com/BarakChamo/boxer/internal/shim/shim.go:32.85,34.4 1 0
github.com/BarakChamo/boxer/internal/shim/shim.go:35.3,35.34 1 1
github.com/BarakChamo/boxer/internal/shim/shim.go:37.2,37.21 1 1
github.com/BarakChamo/boxer/internal/shim/shim.go:51.67,52.48 1 1
github.com/BarakChamo/boxer/internal/shim/shim.go:52.48,54.3 1 0
github.com/BarakChamo/boxer/internal/shim/shim.go:55.2,56.26 2 1
github.com/BarakChamo/boxer/internal/shim/shim.go:56.26,58.92 2 1
github.com/BarakChamo/boxer/internal/shim/shim.go:58.92,60.4 1 0
github.com/BarakChamo/boxer/internal/shim/shim.go:61.3,61.34 1 1
github.com/BarakChamo/boxer/internal/shim/shim.go:63.2,63.21 1 1
github.com/BarakChamo/boxer/internal/shim/shim.go:67.26,68.46 1 0
github.com/BarakChamo/boxer/internal/shim/shim.go:68.46,70.3 1 0
github.com/BarakChamo/boxer/internal/shim/shim.go:71.2,72.65 2 0
github.com/BarakChamo/boxer/internal/shim/shim.go:85.47,86.48 1 1
github.com/BarakChamo/boxer/internal/shim/shim.go:86.48,88.3 1 0
github.com/BarakChamo/boxer/internal/shim/shim.go:89.2,90.63 2 1
github.com/BarakChamo/boxer/internal/box/box.go:30.32,32.14 2 3
github.com/BarakChamo/boxer/internal/box/box.go:32.14,34.3 1 0
github.com/BarakChamo/boxer/internal/box/box.go:35.2,36.15 2 3
github.com/BarakChamo/boxer/internal/box/box.go:36.15,38.3 1 0
github.com/BarakChamo/boxer/internal/box/box.go:39.2,40.62 1 3
github.com/BarakChamo/boxer/internal/box/box.go:58.68,59.15 1 20
github.com/BarakChamo/boxer/internal/box/box.go:59.15,61.40 2 0
github.com/BarakChamo/boxer/internal/box/box.go:61.40,63.4 1 0
github.com/BarakChamo/boxer/internal/box/box.go:66.2,66.54 1 20
github.com/BarakChamo/boxer/internal/box/box.go:66.54,68.3 1 20
github.com/BarakChamo/boxer/internal/box/box.go:69.2,70.16 2 20
github.com/BarakChamo/boxer/internal/box/box.go:70.16,72.3 1 0
github.com/BarakChamo/boxer/internal/box/box.go:73.2,74.23 2 20
github.com/BarakChamo/boxer/internal/box/box.go:74.23,76.3 1 19
github.com/BarakChamo/boxer/internal/box/box.go:77.2,78.16 2 20
github.com/BarakChamo/boxer/internal/box/box.go:78.16,80.3 1 0
github.com/BarakChamo/boxer/internal/box/box.go:81.2,81.19 1 20
github.com/BarakChamo/boxer/internal/box/box.go:81.19,83.3 1 4
github.com/BarakChamo/boxer/internal/box/box.go:84.2,85.22 2 20
github.com/BarakChamo/boxer/internal/box/box.go:85.22,87.3 1 1
github.com/BarakChamo/boxer/internal/box/box.go:88.2,88.15 1 19
github.com/BarakChamo/boxer/internal/box/box.go:88.15,89.30 1 16
github.com/BarakChamo/boxer/internal/box/box.go:90.18,92.67 1 1
github.com/BarakChamo/boxer/internal/box/box.go:93.15,94.114 1 1
github.com/BarakChamo/boxer/internal/box/box.go:97.2,98.33 2 18
github.com/BarakChamo/boxer/internal/box/box.go:98.33,100.3 1 1
github.com/BarakChamo/boxer/internal/box/box.go:101.2,102.77 2 18
github.com/BarakChamo/boxer/internal/box/box.go:102.77,107.3 2 1
github.com/BarakChamo/boxer/internal/box/box.go:108.2,109.16 2 18
github.com/BarakChamo/boxer/internal/box/box.go:109.16,112.3 1 0
github.com/BarakChamo/boxer/internal/box/box.go:113.2,113.16 1 18
github.com/BarakChamo/boxer/internal/box/box.go:113.16,115.3 1 0
github.com/BarakChamo/boxer/internal/box/box.go:116.2,117.15 2 18
github.com/BarakChamo/boxer/internal/box/box.go:121.29,121.69 1 48
github.com/BarakChamo/boxer/internal/box/box.go:125.32,126.16 1 15
github.com/BarakChamo/boxer/internal/box/box.go:126.16,128.3 1 2
github.com/BarakChamo/boxer/internal/box/box.go:129.2,129.22 1 13
github.com/BarakChamo/boxer/internal/box/box.go:144.40,145.26 1 13
github.com/BarakChamo/boxer/internal/box/box.go:145.26,147.3 1 0
github.com/BarakChamo/boxer/internal/box/box.go:148.2,148.23 1 13
github.com/BarakChamo/boxer/internal/box/box.go:148.23,150.3 1 0
github.com/BarakChamo/boxer/internal/box/box.go:151.2,151.43 1 13
github.com/BarakChamo/boxer/internal/box/box.go:151.43,153.3 1 0
github.com/BarakChamo/boxer/internal/box/box.go:154.2,154.30 1 13
github.com/BarakChamo/boxer/internal/box/box.go:154.30,155.73 1 123
github.com/BarakChamo/boxer/internal/box/box.go:155.73,157.4 1 2
github.com/BarakChamo/boxer/internal/box/box.go:159.2,159.64 1 11
github.com/BarakChamo/boxer/internal/box/box.go:177.43,179.83 2 9
github.com/BarakChamo/boxer/internal/box/box.go:179.83,181.3 1 0
github.com/BarakChamo/boxer/internal/box/box.go:182.2,182.14 1 9
github.com/BarakChamo/boxer/internal/box/box.go:183.38,184.115 1 9
github.com/BarakChamo/boxer/internal/box/box.go:185.17,186.69 1 0
github.com/BarakChamo/boxer/internal/box/box.go:187.33,189.50 1 0
github.com/BarakChamo/boxer/internal/box/box.go:190.24,191.57 1 0
github.com/BarakChamo/boxer/internal/box/box.go:192.10,193.24 1 0
github.com/BarakChamo/boxer/internal/box/box.go:198.50,200.2 1 17
github.com/BarakChamo/boxer/internal/box/box.go:206.76,208.16 2 13
github.com/BarakChamo/boxer/internal/box/box.go:208.16,210.3 1 0
github.com/BarakChamo/boxer/internal/box/box.go:211.2,213.16 3 13
github.com/BarakChamo/boxer/internal/box/box.go:213.16,215.3 1 0
github.com/BarakChamo/boxer/internal/box/box.go:216.2,216.20 1 13
github.com/BarakChamo/boxer/internal/box/box.go:216.20,217.50 1 2
github.com/BarakChamo/boxer/internal/box/box.go:217.50,219.4 1 0
github.com/BarakChamo/boxer/internal/box/box.go:220.3,220.13 1 2
github.com/BarakChamo/boxer/internal/box/box.go:222.2,222.9 1 13
github.com/BarakChamo/boxer/internal/box/box.go:222.9,223.19 1 9
github.com/BarakChamo/boxer/internal/box/box.go:223.19,225.4 1 1
github.com/BarakChamo/boxer/internal/box/box.go:226.3,226.36 1 8
github.com/BarakChamo/boxer/internal/box/box.go:226.36,228.4 1 0
github.com/BarakChamo/boxer/internal/box/box.go:229.3,229.17 1 8
github.com/BarakChamo/boxer/internal/box/box.go:230.8,230.24 1 4
github.com/BarakChamo/boxer/internal/box/box.go:230.24,232.3 1 4
github.com/BarakChamo/boxer/internal/box/box.go:233.2,233.48 1 8
github.com/BarakChamo/boxer/internal/box/box.go:233.48,235.3 1 0
github.com/BarakChamo/boxer/internal/box/box.go:236.2,236.34 1 8
github.com/BarakChamo/boxer/internal/box/box.go:236.34,238.3 1 1
github.com/BarakChamo/boxer/internal/box/box.go:239.2,239.21 1 7
github.com/BarakChamo/boxer/internal/box/box.go:242.30,246.54 4 9
github.com/BarakChamo/boxer/internal/box/box.go:246.54,248.3 1 9
github.com/BarakChamo/boxer/internal/box/box.go:249.2,256.16 3 9
github.com/BarakChamo/boxer/internal/box/box.go:256.16,257.32 1 2
github.com/BarakChamo/boxer/internal/box/box.go:257.32,259.4 1 0
github.com/BarakChamo/boxer/internal/box/box.go:260.3,260.73 1 2
github.com/BarakChamo/boxer/internal/box/box.go:260.73,262.4 1 0
github.com/BarakChamo/boxer/internal/box/box.go:264.2,265.41 2 9
github.com/BarakChamo/boxer/internal/box/box.go:265.41,266.46 1 9
github.com/BarakChamo/boxer/internal/box/box.go:266.46,268.4 1 8
github.com/BarakChamo/boxer/internal/box/box.go:270.2,270.16 1 9
github.com/BarakChamo/boxer/internal/box/box.go:270.16,274.3 3 9
github.com/BarakChamo/boxer/internal/box/box.go:275.2,288.42 2 9
github.com/BarakChamo/boxer/internal/box/box.go:288.42,289.54 1 1
github.com/BarakChamo/boxer/internal/box/box.go:289.54,294.4 1 1
github.com/BarakChamo/boxer/internal/box/box.go:295.3,296.24 1 0
github.com/BarakChamo/boxer/internal/box/box.go:298.2,298.12 1 8
github.com/BarakChamo/boxer/internal/box/box.go:302.36,304.34 2 1
github.com/BarakChamo/boxer/internal/box/box.go:304.34,305.49 1 1
github.com/BarakChamo/boxer/internal/box/box.go:305.49,307.4 1 1
github.com/BarakChamo/boxer/internal/box/box.go:308.3,308.37 1 0
github.com/BarakChamo/boxer/internal/box/box.go:310.2,311.23 1 0
github.com/BarakChamo/boxer/internal/box/box.go:316.23,317.48 1 15
github.com/BarakChamo/boxer/internal/box/box.go:317.48,319.3 1 0
github.com/BarakChamo/boxer/internal/box/box.go:320.2,320.60 1 15
github.com/BarakChamo/boxer/internal/box/box.go:324.34,327.2 2 13
github.com/BarakChamo/boxer/internal/box/box.go:329.47,331.36 2 5
github.com/BarakChamo/boxer/internal/box/box.go:331.36,333.3 1 0
github.com/BarakChamo/boxer/internal/box/box.go:334.2,334.12 1 5
github.com/BarakChamo/boxer/internal/box/box.go:339.48,340.36 1 9
github.com/BarakChamo/boxer/internal/box/box.go:340.36,342.3 1 7
github.com/BarakChamo/boxer/internal/box/box.go:343.2,344.41 2 2
github.com/BarakChamo/boxer/internal/box/box.go:344.41,346.3 1 1
github.com/BarakChamo/boxer/internal/box/box.go:347.2,347.13 1 1
github.com/BarakChamo/boxer/internal/box/box.go:353.29,355.75 2 2
github.com/BarakChamo/boxer/internal/box/box.go:355.75,357.3 1 0
github.com/BarakChamo/boxer/internal/box/box.go:358.2,360.41 3 2
github.com/BarakChamo/boxer/internal/box/box.go:360.41,362.3 1 1
github.com/BarakChamo/boxer/internal/box/box.go:363.2,363.63 1 1
github.com/BarakChamo/boxer/internal/box/box.go:363.63,365.3 1 0
github.com/BarakChamo/boxer/internal/box/box.go:366.2,367.16 2 1
github.com/BarakChamo/boxer/internal/box/box.go:367.16,369.3 1 0
github.com/BarakChamo/boxer/internal/box/box.go:370.2,371.41 2 1
github.com/BarakChamo/boxer/internal/box/box.go:371.41,373.3 1 0
github.com/BarakChamo/boxer/internal/box/box.go:374.2,376.16 3 1
github.com/BarakChamo/boxer/internal/box/box.go:376.16,378.3 1 1
github.com/BarakChamo/boxer/internal/box/box.go:379.2,379.64 1 1
github.com/BarakChamo/boxer/internal/box/box.go:379.64,381.3 1 0
github.com/BarakChamo/boxer/internal/box/box.go:382.2,382.16 1 1
github.com/BarakChamo/boxer/internal/box/box.go:382.16,384.3 1 0
github.com/BarakChamo/boxer/internal/box/box.go:389.63,390.15 1 3
github.com/BarakChamo/boxer/internal/box/box.go:390.15,392.3 1 1
github.com/BarakChamo/boxer/internal/box/box.go:393.2,394.23 2 2
github.com/BarakChamo/boxer/internal/box/box.go:394.23,396.3 1 1
github.com/BarakChamo/boxer/internal/box/box.go:397.2,399.26 3 2
github.com/BarakChamo/boxer/internal/box/box.go:399.26,400.87 1 4
github.com/BarakChamo/boxer/internal/box/box.go:400.87,402.4 1 1
github.com/BarakChamo/boxer/internal/box/box.go:404.2,404.12 1 2
github.com/BarakChamo/boxer/internal/box/box.go:411.43,414.41 3 8
github.com/BarakChamo/boxer/internal/box/box.go:414.41,416.3 1 2
github.com/BarakChamo/boxer/internal/box/box.go:417.2,417.63 1 6
github.com/BarakChamo/boxer/internal/box/box.go:417.63,419.3 1 0
github.com/BarakChamo/boxer/internal/box/box.go:420.2,421.16 2 6
github.com/BarakChamo/boxer/internal/box/box.go:421.16,423.3 1 0
github.com/BarakChamo/boxer/internal/box/box.go:424.2,425.41 2 6
github.com/BarakChamo/boxer/internal/box/box.go:425.41,427.3 1 0
github.com/BarakChamo/boxer/internal/box/box.go:428.2,429.50 2 6
github.com/BarakChamo/boxer/internal/box/box.go:429.50,432.3 2 0
github.com/BarakChamo/boxer/internal/box/box.go:433.2,433.13 1 6
github.com/BarakChamo/boxer/internal/box/box.go:439.29,440.27 1 8
github.com/BarakChamo/boxer/internal/box/box.go:440.27,442.3 1 6
github.com/BarakChamo/boxer/internal/box/box.go:443.2,443.95 1 2
github.com/BarakChamo/boxer/internal/box/box.go:443.95,445.3 1 0
github.com/BarakChamo/boxer/internal/box/box.go:446.2,446.34 1 2
github.com/BarakChamo/boxer/internal/box/box.go:446.34,449.30 3 2
github.com/BarakChamo/boxer/internal/box/box.go:449.30,453.4 2 1
github.com/BarakChamo/boxer/internal/box/box.go:455.2,456.12 2 1
github.com/BarakChamo/boxer/internal/box/box.go:460.37,462.48 2 4
github.com/BarakChamo/boxer/internal/box/box.go:462.48,464.3 1 0
github.com/BarakChamo/boxer/internal/box/box.go:465.2,465.58 1 4
github.com/BarakChamo/boxer/internal/box/box.go:478.58,479.78 1 3
github.com/BarakChamo/boxer/internal/box/box.go:479.78,480.50 1 1
github.com/BarakChamo/boxer/internal/box/box.go:480.50,483.4 2 0
github.com/BarakChamo/boxer/internal/box/box.go:484.3,484.16 1 1
github.com/BarakChamo/boxer/internal/box/box.go:486.2,488.41 3 2
github.com/BarakChamo/boxer/internal/box/box.go:488.41,489.35 1 2
github.com/BarakChamo/boxer/internal/box/box.go:489.35,491.4 1 0
github.com/BarakChamo/boxer/internal/box/box.go:493.2,496.13 1 2
github.com/BarakChamo/boxer/internal/box/box.go:500.44,502.48 2 13
github.com/BarakChamo/boxer/internal/box/box.go:502.48,504.3 1 0
github.com/BarakChamo/boxer/internal/box/box.go:505.2,505.42 1 13
github.com/BarakChamo/boxer/internal/box/box.go:509.44,511.16 2 20
github.com/BarakChamo/boxer/internal/box/box.go:511.16,513.3 1 0
github.com/BarakChamo/boxer/internal/box/box.go:514.2,514.68 1 20
github.com/BarakChamo/boxer/internal/box/box.go:514.68,517.3 2 0
github.com/BarakChamo/boxer/internal/box/box.go:518.2,518.16 1 20
github.com/BarakChamo/boxer/internal/box/box.go:518.16,521.3 2 20
github.com/BarakChamo/boxer/internal/box/box.go:526.27,527.47 1 30
github.com/BarakChamo/boxer/internal/box/box.go:527.47,529.3 1 30
github.com/BarakChamo/boxer/internal/box/box.go:530.2,531.69 2 0
github.com/BarakChamo/boxer/internal/box/box.go:534.32,536.48 2 2
github.com/BarakChamo/boxer/internal/box/box.go:536.48,538.3 1 0
github.com/BarakChamo/boxer/internal/box/box.go:539.2,541.48 3 2
github.com/BarakChamo/boxer/internal/box/box.go:541.48,543.3 1 1
github.com/BarakChamo/boxer/internal/box/box.go:547.37,549.16 2 0
github.com/BarakChamo/boxer/internal/box/box.go:549.16,551.3 1 0
github.com/BarakChamo/boxer/internal/box/box.go:552.2,552.21 1 0
github.com/BarakChamo/boxer/internal/box/box.go:556.31,557.47 1 0
github.com/BarakChamo/boxer/internal/box/box.go:557.47,559.3 1 0
github.com/BarakChamo/boxer/internal/box/box.go:560.2,561.12 2 0
github.com/BarakChamo/boxer/internal/box/box.go:570.34,572.16 2 1
github.com/BarakChamo/boxer/internal/box/box.go:572.16,574.3 1 0
github.com/BarakChamo/boxer/internal/box/box.go:575.2,576.21 2 1
github.com/BarakChamo/boxer/internal/box/box.go:576.21,578.3 1 1
github.com/BarakChamo/boxer/internal/box/box.go:579.2,583.36 5 1
github.com/BarakChamo/boxer/internal/box/box.go:583.36,585.3 1 0
github.com/BarakChamo/boxer/internal/box/box.go:586.2,586.30 1 1
github.com/BarakChamo/boxer/internal/box/box.go:591.39,593.67 2 1
github.com/BarakChamo/boxer/internal/box/box.go:593.67,594.27 1 0
github.com/BarakChamo/boxer/internal/box/box.go:594.27,596.4 1 0
github.com/BarakChamo/boxer/internal/box/box.go:597.3,597.25 1 0
github.com/BarakChamo/boxer/internal/box/box.go:597.25,599.4 1 0
github.com/BarakChamo/boxer/internal/box/box.go:601.2,601.13 1 1
github.com/BarakChamo/boxer/internal/box/box.go:605.28,607.23 2 1
github.com/BarakChamo/boxer/internal/box/box.go:607.23,609.3 1 0
github.com/BarakChamo/boxer/internal/box/box.go:610.2,610.33 1 1
github.com/BarakChamo/boxer/internal/box/box.go:614.37,616.2 1 2
github.com/BarakChamo/boxer/internal/box/box.go:619.45,619.80 1 2
github.com/BarakChamo/boxer/internal/box/box.go:624.64,625.19 1 2
github.com/BarakChamo/boxer/internal/box/box.go:625.19,627.3 1 2
github.com/BarakChamo/boxer/internal/box/box.go:628.2,634.18 7 2
github.com/BarakChamo/boxer/internal/box/box.go:635.17,638.85 3 1
github.com/BarakChamo/boxer/internal/box/box.go:639.14,644.68 5 1
github.com/BarakChamo/boxer/internal/box/box.go:645.13,646.75 1 0
github.com/BarakChamo/boxer/internal/box/box.go:648.2,651.19 4 2
